한국고용직업분류 대분류코드,한국고용직업분류 대분류명,한국고용직업분류 중분류코드,한국고용직업분류 중분류명,한국고용직업분류 소분류코드,한국고용직업분류 소분류명,한국고용직업분류 세분류코드,한국고용직업분류 세분류명,한국표준직업분류 세분류코드,한국표준직업분류 세분류명,loofio_archetype,archetype_family,support_level,mapping_note
0,경영·사무·금융·보험직,01,관리직(임원·부서장),011,의회의원·고위공무원 및 기업 고위임원,0111,의회의원·고위공무원 및 공공단체임원,1110,의회의원·고위공무원 및 공공단체임원,NONCOMMERCIAL_OR_PUBLIC_ROLE,NONCOMMERCIAL_PUBLIC,D,공공·고용 역할 성격이 강해 사업 업종으로 직접 매핑하지 않음
0,경영·사무·금융·보험직,01,관리직(임원·부서장),011,의회의원·고위공무원 및 기업 고위임원,0112,기업 고위임원,1120,기업 고위 임원,BUSINESS_ADMIN_B2B,LEAD_SERVICE,C,관리 직무 자체는 사업 업종이 아니므로 실제 수익모델 확인 필요
0,경영·사무·금융·보험직,01,관리직(임원·부서장),012,행정·경영·금융·보험 관리자,0121,정부행정 관리자,1211,정부행정 관리자,NONCOMMERCIAL_OR_PUBLIC_ROLE,NONCOMMERCIAL_PUBLIC,D,공공·고용 역할 성격이 강해 사업 업종으로 직접 매핑하지 않음
0,경영·사무·금융·보험직,01,관리직(임원·부서장),012,행정·경영·금융·보험 관리자,0122,경영지원 관리자,1212,경영 지원 관리자,BUSINESS_ADMIN_B2B,LEAD_SERVICE,C,관리 직무 자체는 사업 업종이 아니므로 실제 수익모델 확인 필요
0,경영·사무·금융·보험직,01,관리직(임원·부서장),012,행정·경영·금융·보험 관리자,0123,마케팅·광고·홍보 관리자,1220,마케팅 및 광고·홍보 관리자,LEAD_PROFESSIONAL_SERVICE,LEAD_SERVICE,C,마케팅·광고 서비스업으로 가능하나 직업 자체는 업종 아님
0,경영·사무·금융·보험직,01,관리직(임원·부서장),012,행정·경영·금융·보험 관리자,0124,금융·보험 관리자,1320,보험 및 금융 관리자,LEAD_PROFESSIONAL_SERVICE,LEAD_SERVICE,C,금융·보험 서비스업으로 가능하나 규제 검토 필요
0,경영·사무·금융·보험직,01,관리직(임원·부서장),013,전문서비스 관리자,0131,연구 관리자,1311,연구 관리자,PROJECT_TECH_B2B,PROJECT_SERVICE,C,연구·R&D 사업으로 확장 가능
0,경영·사무·금융·보험직,01,관리직(임원·부서장),013,전문서비스 관리자,0132,교육 관리자,1312,교육 관리자,MEMBERSHIP_EDUCATION,MEMBERSHIP_SERVICE,C,교육기관 운영형으로 적용 가능하나 기관 데이터 모델 필요
0,경영·사무·금융·보험직,01,관리직(임원·부서장),013,전문서비스 관리자,0133,법률·경찰·소방·교도 관리자,1313,법률·경찰·소방 및 교도 관리자,BUSINESS_ADMIN_B2B,LEAD_SERVICE,C,관리 직무 자체는 사업 업종이 아니므로 실제 수익모델 확인 필요
0,경영·사무·금융·보험직,01,관리직(임원·부서장),013,전문서비스 관리자,0134,보건·의료 관리자,1331,보건 의료 관련 관리자,APPOINTMENT_HEALTH,APPOINTMENT_SERVICE,C,보건·의료 기관 운영 가능하나 규제·데이터 제약 검토 필요
0,경영·사무·금융·보험직,01,관리직(임원·부서장),013,전문서비스 관리자,0135,사회복지 관리자,1332,사회 복지 관련 관리자,RECURRING_CARE_SERVICE,RECURRING_SERVICE,C,사회복지 서비스 운영형으로 확장 가능
0,경영·사무·금융·보험직,01,관리직(임원·부서장),013,전문서비스 관리자,0136,예술·디자인·방송 관리자,1340,문화·예술 관련 관리자,PROJECT_CREATIVE,PROJECT_SERVICE,C,예술·디자인·방송 프로젝트 사업으로 확장 가능
0,경영·사무·금융·보험직,01,관리직(임원·부서장),013,전문서비스 관리자,0137,정보통신 관리자,1350,정보 통신 관련 관리자,PROJECT_TECH_B2B,PROJECT_SERVICE,C,IT 서비스·프로젝트 사업으로 확장 가능
0,경영·사무·금융·보험직,01,관리직(임원·부서장),013,전문서비스 관리자,0139,부동산·조사·인력알선 및 기타 전문서비스 관리자,1390,기타 전문 서비스 관리자,LEAD_PROFESSIONAL_SERVICE,LEAD_SERVICE,B,부동산·인력·조사 등 리드 기반 서비스로 적용 가능
0,경영·사무·금융·보험직,01,관리직(임원·부서장),014,미용·여행·숙박·음식·경비·청소 관리자,0141,미용·여행·숙박·스포츠 관리자,1521,숙박·여행·오락 및 스포츠 관련 관리자,APPOINTMENT_PERSONAL_OR_LEISURE,APPOINTMENT_SERVICE,B,서비스 운영형 사업으로 적용 가능하나 실제 업종 확인 필요
0,경영·사무·금융·보험직,01,관리직(임원·부서장),014,미용·여행·숙박·음식·경비·청소 관리자,0142,음식서비스 관리자,1522,음식 서비스 관련 관리자,FOOD_WALKIN,WALKIN_COMMERCE,B,음식서비스 운영형 사업으로 적용 가능
0,경영·사무·금융·보험직,01,관리직(임원·부서장),014,미용·여행·숙박·음식·경비·청소 관리자,0143,경비·청소 관리자,1530,환경·청소 및 경비 관련 관리자,RECURRING_FACILITY_CARE,RECURRING_SERVICE,B,경비·청소 계약형 운영으로 적용 가능
0,경영·사무·금융·보험직,01,관리직(임원·부서장),015,영업·판매·운송 관리자,0151,영업·판매 관리자,1511,영업 및 판매 관련 관리자,RETAIL_OR_SALES,WALKIN_COMMERCE,B,판매·고객서비스 사업으로 적용 가능
0,경영·사무·금융·보험직,01,관리직(임원·부서장),015,영업·판매·운송 관리자,0152,운송 관리자,1512,운송관련 관리자,TRANSPORT_DELIVERY,TRANSPORT_LOGISTICS,B,운송 운영형 사업으로 적용 가능
0,경영·사무·금융·보험직,01,관리직(임원·부서장),015,영업·판매·운송 관리자,0159,기타 판매 및 고객서비스 관리자,1590,기타 판매 및 고객 서비스 관리자,RETAIL_OR_SALES,WALKIN_COMMERCE,B,판매·고객서비스 사업으로 적용 가능
0,경영·사무·금융·보험직,01,관리직(임원·부서장),016,건설·채굴·제조·생산 관리자,0161,건설·채굴 관리자,1411,건설 및 광업 관련 관리자,CONSTRUCTION_PROJECT,PROJECT_SERVICE,C,프로젝트형 사업으로 확장 가능
0,경영·사무·금융·보험직,01,관리직(임원·부서장),016,건설·채굴·제조·생산 관리자,0162,전기·가스·수도 관리자,1412,전기·가스 및 수도 관련 관리자,PRODUCTION_OR_TECH_OPERATIONS,MANUFACTURING_PRODUCTION,C,생산·설비 운영형으로 도메인별 확장 필요
0,경영·사무·금융·보험직,01,관리직(임원·부서장),016,건설·채굴·제조·생산 관리자,0163,제조·생산 관리자,1413,제품 생산 관련 관리자,PRODUCTION_OR_TECH_OPERATIONS,MANUFACTURING_PRODUCTION,C,생산·설비 운영형으로 도메인별 확장 필요
0,경영·사무·금융·보험직,01,관리직(임원·부서장),016,건설·채굴·제조·생산 관리자,0169,기타 건설·전기 및 제조 관리자,1490,기타 건설·전기 및 생산 관련 관리자,PRODUCTION_OR_TECH_OPERATIONS,MANUFACTURING_PRODUCTION,C,생산·설비 운영형으로 도메인별 확장 필요
0,경영·사무·금융·보험직,02,경영·행정·사무직,021,정부·공공행정 전문가,0210,정부·공공행정 전문가,2620,정부 및 공공 행정 전문가,NONCOMMERCIAL_OR_PUBLIC_ROLE,NONCOMMERCIAL_PUBLIC,D,공공·고용 역할 성격이 강해 사업 업종으로 직접 매핑하지 않음
0,경영·사무·금융·보험직,02,경영·행정·사무직,022,경영·인사 전문가,0221,경영·진단 전문가,2715,경영 및 진단 전문가,LEAD_PROFESSIONAL_SERVICE,LEAD_SERVICE,B,독립 전문서비스·프로젝트 사업으로 적용 가능
0,경영·사무·금융·보험직,02,경영·행정·사무직,022,경영·인사 전문가,0222,인사·노무 전문가,2711,인사 및 노사 관련 전문가,LEAD_PROFESSIONAL_SERVICE,LEAD_SERVICE,B,독립 전문서비스·프로젝트 사업으로 적용 가능
0,경영·사무·금융·보험직,02,경영·행정·사무직,023,회계·세무·감정 전문가,0231,회계사,2712,회계사,LEAD_PROFESSIONAL_SERVICE,LEAD_SERVICE,B,독립 전문서비스·프로젝트 사업으로 적용 가능
0,경영·사무·금융·보험직,02,경영·행정·사무직,023,회계·세무·감정 전문가,0232,세무사,2713,세무사,LEAD_PROFESSIONAL_SERVICE,LEAD_SERVICE,B,독립 전문서비스·프로젝트 사업으로 적용 가능
0,경영·사무·금융·보험직,02,경영·행정·사무직,023,회계·세무·감정 전문가,0233,관세사,2714,관세사,LEAD_PROFESSIONAL_SERVICE,LEAD_SERVICE,B,독립 전문서비스·프로젝트 사업으로 적용 가능
0,경영·사무·금융·보험직,02,경영·행정·사무직,023,회계·세무·감정 전문가,0234,감정 전문가,2741,감정 관련 전문가,LEAD_PROFESSIONAL_SERVICE,LEAD_SERVICE,B,독립 전문서비스·프로젝트 사업으로 적용 가능
0,경영·사무·금융·보험직,02,경영·행정·사무직,024,광고·조사·상품기획·행사기획 전문가,0241,광고·홍보 전문가,2733,광고 및 홍보 전문가,LEAD_PROFESSIONAL_SERVICE,LEAD_SERVICE,B,독립 전문서비스·프로젝트 사업으로 적용 가능
0,경영·사무·금융·보험직,02,경영·행정·사무직,024,광고·조사·상품기획·행사기획 전문가,0242,조사 전문가,2734,조사 전문가,LEAD_PROFESSIONAL_SERVICE,LEAD_SERVICE,B,독립 전문서비스·프로젝트 사업으로 적용 가능
0,경영·사무·금융·보험직,02,경영·행정·사무직,024,광고·조사·상품기획·행사기획 전문가,0243,상품 기획자,2731,상품 기획 전문가,LEAD_PROFESSIONAL_SERVICE,LEAD_SERVICE,C,독립 전문서비스·프로젝트 사업으로 적용 가능
0,경영·사무·금융·보험직,02,경영·행정·사무직,024,광고·조사·상품기획·행사기획 전문가,0244,행사 기획자,2735,행사 기획자,EVENT_PROJECT,PROJECT_SERVICE,B,행사 기획 프로젝트형 사업으로 적용 가능
0,경영·사무·금융·보험직,02,경영·행정·사무직,025,정부·공공 행정 사무원,0251,조세행정 사무원,3111,조세행정 사무원,NONCOMMERCIAL_OR_PUBLIC_ROLE,NONCOMMERCIAL_PUBLIC,D,공공·고용 역할 성격이 강해 사업 업종으로 직접 매핑하지 않음
0,경영·사무·금융·보험직,02,경영·행정·사무직,025,정부·공공 행정 사무원,0252,관세행정 사무원,3112,관세행정 사무원,NONCOMMERCIAL_OR_PUBLIC_ROLE,NONCOMMERCIAL_PUBLIC,D,공공·고용 역할 성격이 강해 사업 업종으로 직접 매핑하지 않음
0,경영·사무·금융·보험직,02,경영·행정·사무직,025,정부·공공 행정 사무원,0253,병무행정 사무원,3113,병무행정 사무원,NONCOMMERCIAL_OR_PUBLIC_ROLE,NONCOMMERCIAL_PUBLIC,D,공공·고용 역할 성격이 강해 사업 업종으로 직접 매핑하지 않음
0,경영·사무·금융·보험직,02,경영·행정·사무직,025,정부·공공 행정 사무원,0254,국가·지방행정 사무원,3114,국가 및 지방 행정 사무원,NONCOMMERCIAL_OR_PUBLIC_ROLE,NONCOMMERCIAL_PUBLIC,D,공공·고용 역할 성격이 강해 사업 업종으로 직접 매핑하지 않음
0,경영·사무·금융·보험직,02,경영·행정·사무직,025,정부·공공 행정 사무원,0255,공공행정 사무원,3115,공공행정 사무원,NONCOMMERCIAL_OR_PUBLIC_ROLE,NONCOMMERCIAL_PUBLIC,D,공공·고용 역할 성격이 강해 사업 업종으로 직접 매핑하지 않음
0,경영·사무·금융·보험직,02,경영·행정·사무직,026,경영지원 사무원,0261,기획·마케팅 사무원,3121,기획 및 마케팅 사무원,EMPLOYMENT_SUPPORT_ROLE,EMPLOYMENT_SUPPORT,D,사무 직무 자체를 고객 사업 업종으로 직접 사용하기 어려움
0,경영·사무·금융·보험직,02,경영·행정·사무직,026,경영지원 사무원,0262,인사·교육·훈련 사무원,3122,인사 및 교육·훈련 사무원,EMPLOYMENT_SUPPORT_ROLE,EMPLOYMENT_SUPPORT,D,사무 직무 자체를 고객 사업 업종으로 직접 사용하기 어려움
0,경영·사무·금융·보험직,02,경영·행정·사무직,026,경영지원 사무원,0263,총무 사무원 및 대학 행정조교,3127,총무 사무원 및 대학 행정조교,EMPLOYMENT_SUPPORT_ROLE,EMPLOYMENT_SUPPORT,D,사무 직무 자체를 고객 사업 업종으로 직접 사용하기 어려움
0,경영·사무·금융·보험직,02,경영·행정·사무직,026,경영지원 사무원,0264,감사 사무원,3302,감사 사무원,EMPLOYMENT_SUPPORT_ROLE,EMPLOYMENT_SUPPORT,D,사무 직무 자체를 고객 사업 업종으로 직접 사용하기 어려움
0,경영·사무·금융·보험직,02,경영·행정·사무직,027,회계·경리 사무원,0271,회계 사무원,3131,회계 사무원,EMPLOYMENT_SUPPORT_ROLE,EMPLOYMENT_SUPPORT,D,사무 직무 자체를 고객 사업 업종으로 직접 사용하기 어려움
0,경영·사무·금융·보험직,02,경영·행정·사무직,027,회계·경리 사무원,0272,경리 사무원,3132,경리 사무원,EMPLOYMENT_SUPPORT_ROLE,EMPLOYMENT_SUPPORT,D,사무 직무 자체를 고객 사업 업종으로 직접 사용하기 어려움
0,경영·사무·금융·보험직,02,경영·행정·사무직,028,무역·운송·생산·품질 사무원,0281,무역 사무원,3125,무역 사무원,EMPLOYMENT_SUPPORT_ROLE,EMPLOYMENT_SUPPORT,D,사무 직무 자체를 고객 사업 업종으로 직접 사용하기 어려움
0,경영·사무·금융·보험직,02,경영·행정·사무직,028,무역·운송·생산·품질 사무원,0282,운송 사무원,3126,운송 사무원,EMPLOYMENT_SUPPORT_ROLE,EMPLOYMENT_SUPPORT,D,사무 직무 자체를 고객 사업 업종으로 직접 사용하기 어려움
0,경영·사무·금융·보험직,02,경영·행정·사무직,028,무역·운송·생산·품질 사무원,0283,자재·구매·물류 사무원,3123,자재 관리 사무원,EMPLOYMENT_SUPPORT_ROLE,EMPLOYMENT_SUPPORT,D,사무 직무 자체를 고객 사업 업종으로 직접 사용하기 어려움
0,경영·사무·금융·보험직,02,경영·행정·사무직,028,무역·운송·생산·품질 사무원,0284,생산·품질 사무원,3124,생산 및 품질 관리 사무원,EMPLOYMENT_SUPPORT_ROLE,EMPLOYMENT_SUPPORT,D,사무 직무 자체를 고객 사업 업종으로 직접 사용하기 어려움
0,경영·사무·금융·보험직,02,경영·행정·사무직,029,안내·고객상담·통계·비서·사무보조 및 기타 사무원,0291,안내·접수원 및 전화교환원,3922,안내·접수원 및 전화교환원,EMPLOYMENT_SUPPORT_ROLE,EMPLOYMENT_SUPPORT,D,사무 직무 자체를 고객 사업 업종으로 직접 사용하기 어려움
0,경영·사무·금융·보험직,02,경영·행정·사무직,029,안내·고객상담·통계·비서·사무보조 및 기타 사무원,0292,고객 상담원 및 모니터 요원,3991,고객 상담 및 모니터 요원,EMPLOYMENT_SUPPORT_ROLE,EMPLOYMENT_SUPPORT,D,사무 직무 자체를 고객 사업 업종으로 직접 사용하기 어려움
0,경영·사무·금융·보험직,02,경영·행정·사무직,029,안내·고객상담·통계·비서·사무보조 및 기타 사무원,0293,통계 사무원,3910,통계 관련 사무원,EMPLOYMENT_SUPPORT_ROLE,EMPLOYMENT_SUPPORT,D,사무 직무 자체를 고객 사업 업종으로 직접 사용하기 어려움
0,경영·사무·금융·보험직,02,경영·행정·사무직,029,안내·고객상담·통계·비서·사무보조 및 기타 사무원,0294,비서,3141,비서,EMPLOYMENT_SUPPORT_ROLE,EMPLOYMENT_SUPPORT,D,사무 직무 자체를 고객 사업 업종으로 직접 사용하기 어려움
0,경영·사무·금융·보험직,02,경영·행정·사무직,029,안내·고객상담·통계·비서·사무보조 및 기타 사무원,0295,전산자료 입력원 및 사무 보조원,3142,전산 자료 입력원 및 사무 보조원,EMPLOYMENT_SUPPORT_ROLE,EMPLOYMENT_SUPPORT,D,사무 직무 자체를 고객 사업 업종으로 직접 사용하기 어려움
0,경영·사무·금융·보험직,02,경영·행정·사무직,029,안내·고객상담·통계·비서·사무보조 및 기타 사무원,0299,기타 사무원,3999,기타 사무원,EMPLOYMENT_SUPPORT_ROLE,EMPLOYMENT_SUPPORT,D,사무 직무 자체를 고객 사업 업종으로 직접 사용하기 어려움
0,경영·사무·금융·보험직,03,금융·보험직,031,금융·보험 전문가,0311,투자·신용 분석가,2721,투자 및 신용 분석가,EMPLOYMENT_OR_REGULATED_FINANCE,EMPLOYMENT_SUPPORT,D,기관 고용 또는 고규제 금융 직무 성격이 강함
0,경영·사무·금융·보험직,03,금융·보험직,031,금융·보험 전문가,0312,자산 운용가,2722,자산 운용가,EMPLOYMENT_OR_REGULATED_FINANCE,EMPLOYMENT_SUPPORT,D,기관 고용 또는 고규제 금융 직무 성격이 강함
0,경영·사무·금융·보험직,03,금융·보험직,031,금융·보험 전문가,0313,보험·금융상품 개발자,2723,보험 및 금융 상품 개발자,EMPLOYMENT_OR_REGULATED_FINANCE,EMPLOYMENT_SUPPORT,D,기관 고용 또는 고규제 금융 직무 성격이 강함
0,경영·사무·금융·보험직,03,금융·보험직,031,금융·보험 전문가,0314,증권·외환 딜러,2724,증권 및 외환 딜러,EMPLOYMENT_OR_REGULATED_FINANCE,EMPLOYMENT_SUPPORT,D,기관 고용 또는 고규제 금융 직무 성격이 강함
0,경영·사무·금융·보험직,03,금융·보험직,031,금융·보험 전문가,0315,손해사정사,2725,손해 사정사,LEAD_PROFESSIONAL_SERVICE,LEAD_SERVICE,C,리드·상담 기반 금융/보험 서비스로 확장 가능하나 규제 검토 필요
0,경영·사무·금융·보험직,03,금융·보험직,031,금융·보험 전문가,0319,기타 금융·보험 전문가,2729,기타 금융 및 보험 관련 전문가,LEAD_PROFESSIONAL_SERVICE,LEAD_SERVICE,C,리드·상담 기반 금융/보험 서비스로 확장 가능하나 규제 검토 필요
0,경영·사무·금융·보험직,03,금융·보험직,032,금융·보험 사무원,0321,은행 사무원,3203,은행 사무원,EMPLOYMENT_OR_REGULATED_FINANCE,EMPLOYMENT_SUPPORT,D,기관 고용 또는 고규제 금융 직무 성격이 강함
0,경영·사무·금융·보험직,03,금융·보험직,032,금융·보험 사무원,0322,증권 사무원,3204,증권 사무원,EMPLOYMENT_OR_REGULATED_FINANCE,EMPLOYMENT_SUPPORT,D,기관 고용 또는 고규제 금융 직무 성격이 강함
0,경영·사무·금융·보험직,03,금융·보험직,032,금융·보험 사무원,0323,보험 심사원 및 사무원,3202,보험 심사원 및 사무원,EMPLOYMENT_OR_REGULATED_FINANCE,EMPLOYMENT_SUPPORT,D,기관 고용 또는 고규제 금융 직무 성격이 강함
0,경영·사무·금융·보험직,03,금융·보험직,032,금융·보험 사무원,0324,출납창구 사무원,3201,출납 창구 사무원,EMPLOYMENT_OR_REGULATED_FINANCE,EMPLOYMENT_SUPPORT,D,기관 고용 또는 고규제 금융 직무 성격이 강함
0,경영·사무·금융·보험직,03,금융·보험직,032,금융·보험 사무원,0325,수금원 및 신용 추심원,3205,수금원 및 신용 추심원,EMPLOYMENT_OR_REGULATED_FINANCE,EMPLOYMENT_SUPPORT,D,기관 고용 또는 고규제 금융 직무 성격이 강함
0,경영·사무·금융·보험직,03,금융·보험직,032,금융·보험 사무원,0329,기타 금융 사무원,3209,기타 금융 사무원,EMPLOYMENT_OR_REGULATED_FINANCE,EMPLOYMENT_SUPPORT,D,기관 고용 또는 고규제 금융 직무 성격이 강함
0,경영·사무·금융·보험직,03,금융·보험직,033,금융·보험 영업원,0331,대출 및 신용카드 모집인,5104,대출 및 신용카드 모집인,LEAD_PROFESSIONAL_SERVICE,LEAD_SERVICE,C,리드·상담 기반 금융/보험 서비스로 확장 가능하나 규제 검토 필요
0,경영·사무·금융·보험직,03,금융·보험직,033,금융·보험 영업원,0332,보험 모집인 및 투자 권유 대행인,5103,보험 모집인 및 투자 권유 대행인,LEAD_PROFESSIONAL_SERVICE,LEAD_SERVICE,C,리드·상담 기반 금융/보험 서비스로 확장 가능하나 규제 검토 필요
1,연구직 및 공학 기술직,11,인문·사회과학 연구직,110,인문·사회과학 연구원,1101,인문과학 연구원,2121,인문과학 연구원,TECHNICAL_B2B_SERVICE,TECHNICAL_B2B,C,연구·시험·전문서비스형 사업으로 확장 가능
1,연구직 및 공학 기술직,11,인문·사회과학 연구직,110,인문·사회과학 연구원,1102,사회과학 연구원,2122,사회과학 연구원,TECHNICAL_B2B_SERVICE,TECHNICAL_B2B,C,연구·시험·전문서비스형 사업으로 확장 가능
1,연구직 및 공학 기술직,12,자연·생명과학 연구직,121,자연과학 연구원 및 시험원,1211,자연과학 연구원,2112,자연과학연구원,TECHNICAL_B2B_SERVICE,TECHNICAL_B2B,C,연구·시험·전문서비스형 사업으로 확장 가능
1,연구직 및 공학 기술직,12,자연·생명과학 연구직,121,자연과학 연구원 및 시험원,1212,자연과학 시험원,2133,자연과학 시험원,TECHNICAL_B2B_SERVICE,TECHNICAL_B2B,C,연구·시험·전문서비스형 사업으로 확장 가능
1,연구직 및 공학 기술직,12,자연·생명과학 연구직,122,생명과학 연구원 및 시험원,1221,생명과학 연구원,2111,생명과학 연구원,TECHNICAL_B2B_SERVICE,TECHNICAL_B2B,C,연구·시험·전문서비스형 사업으로 확장 가능
1,연구직 및 공학 기술직,12,자연·생명과학 연구직,122,생명과학 연구원 및 시험원,1222,생명과학 시험원,2131,생명과학 시험원,TECHNICAL_B2B_SERVICE,TECHNICAL_B2B,C,연구·시험·전문서비스형 사업으로 확장 가능
1,연구직 및 공학 기술직,12,자연·생명과학 연구직,122,생명과학 연구원 및 시험원,1223,농림어업 시험원,2132,농림·어업 관련 시험원,TECHNICAL_B2B_SERVICE,TECHNICAL_B2B,C,연구·시험·전문서비스형 사업으로 확장 가능
1,연구직 및 공학 기술직,13,정보통신 연구개발직 및 공학기술직,131,컴퓨터하드웨어·통신공학 기술자,1311,컴퓨터 하드웨어 기술자 및 연구원,2211,컴퓨터 하드웨어 기술자 및 연구원,TECHNICAL_B2B_SERVICE,TECHNICAL_B2B,C,기술 서비스/프로젝트형 적용 가능
1,연구직 및 공학 기술직,13,정보통신 연구개발직 및 공학기술직,131,컴퓨터하드웨어·통신공학 기술자,1312,통신공학 기술자 및 연구원,2212,통신공학 기술자 및 연구원,TECHNICAL_B2B_SERVICE,TECHNICAL_B2B,C,기술 서비스/프로젝트형 적용 가능
4,예술·디자인·방송·스포츠직,41,예술·디자인·방송직,415,디자이너,4152,패션 디자이너,2852,패션 디자이너,PROJECT_CREATIVE,PROJECT_SERVICE,B,프로젝트·예약·견적 기반 창작 서비스로 적용 가능
1,연구직 및 공학 기술직,13,정보통신 연구개발직 및 공학기술직,132,컴퓨터시스템 전문가,1320,컴퓨터시스템 전문가,2221,컴퓨터 시스템 전문가,TECHNICAL_B2B_SERVICE,TECHNICAL_B2B,C,기술 서비스/프로젝트형 적용 가능
1,연구직 및 공학 기술직,13,정보통신 연구개발직 및 공학기술직,133,소프트웨어 개발자,1331,시스템 소프트웨어 개발자,2222,시스템 소프트웨어 개발자,PROJECT_TECH_B2B,PROJECT_SERVICE,C,프로젝트·계약형 IT 서비스로 확장 가능
1,연구직 및 공학 기술직,13,정보통신 연구개발직 및 공학기술직,133,소프트웨어 개발자,1332,응용 소프트웨어 개발자,2223,응용 소프트웨어 개발자,PROJECT_TECH_B2B,PROJECT_SERVICE,C,프로젝트·계약형 IT 서비스로 확장 가능
1,연구직 및 공학 기술직,13,정보통신 연구개발직 및 공학기술직,133,소프트웨어 개발자,1333,웹 개발자,2224,웹 개발자,PROJECT_TECH_B2B,PROJECT_SERVICE,C,프로젝트·계약형 IT 서비스로 확장 가능
1,연구직 및 공학 기술직,13,정보통신 연구개발직 및 공학기술직,133,소프트웨어 개발자,1339,기타 컴퓨터 전문가 및 소프트웨어 전문가,2229,기타 컴퓨터 시스템 및 소프트웨어 전문가,PROJECT_TECH_B2B,PROJECT_SERVICE,C,프로젝트·계약형 IT 서비스로 확장 가능
1,연구직 및 공학 기술직,13,정보통신 연구개발직 및 공학기술직,134,데이터·네트워크 및 시스템 운영 전문가,1341,데이터 전문가,2231,데이터 전문가,PROJECT_TECH_B2B,PROJECT_SERVICE,C,프로젝트·계약형 IT 서비스로 확장 가능
1,연구직 및 공학 기술직,13,정보통신 연구개발직 및 공학기술직,134,데이터·네트워크 및 시스템 운영 전문가,1342,네트워크 시스템 개발자,2232,네트워크 시스템 개발자,PROJECT_TECH_B2B,PROJECT_SERVICE,C,프로젝트·계약형 IT 서비스로 확장 가능
1,연구직 및 공학 기술직,13,정보통신 연구개발직 및 공학기술직,134,데이터·네트워크 및 시스템 운영 전문가,1343,정보시스템 운영자,2241,정보 시스템 운영자,TECHNICAL_B2B_SERVICE,TECHNICAL_B2B,C,기술 서비스/프로젝트형 적용 가능
1,연구직 및 공학 기술직,13,정보통신 연구개발직 및 공학기술직,134,데이터·네트워크 및 시스템 운영 전문가,1344,웹 운영자,2242,웹 운영자,PROJECT_TECH_B2B,PROJECT_SERVICE,C,프로젝트·계약형 IT 서비스로 확장 가능
1,연구직 및 공학 기술직,13,정보통신 연구개발직 및 공학기술직,134,데이터·네트워크 및 시스템 운영 전문가,1349,기타 데이터 및 네트워크 전문가,2239,기타 데이터 및 네트워크 관련 전문가,PROJECT_TECH_B2B,PROJECT_SERVICE,C,프로젝트·계약형 IT 서비스로 확장 가능
1,연구직 및 공학 기술직,13,정보통신 연구개발직 및 공학기술직,135,정보보안 전문가,1350,정보보안 전문가,2233,정보 보안 전문가,PROJECT_TECH_B2B,PROJECT_SERVICE,C,프로젝트·계약형 IT 서비스로 확장 가능
1,연구직 및 공학 기술직,13,정보통신 연구개발직 및 공학기술직,136,통신·방송송출 장비 기사,1360,통신·방송송출 장비 기사,2250,통신 및 방송 송출 장비 기사,TECHNICAL_B2B_SERVICE,TECHNICAL_B2B,C,기술 서비스/프로젝트형 적용 가능
1,연구직 및 공학 기술직,14,건설·채굴 연구개발직 및 공학기술직,140,건축·토목공학 기술자 및 시험원,1401,건축가,2311,건축가,CONSTRUCTION_PROJECT,PROJECT_SERVICE,C,설계·측량·조경 등 프로젝트 수익모델로 확장 가능
1,연구직 및 공학 기술직,14,건설·채굴 연구개발직 및 공학기술직,140,건축·토목공학 기술자 및 시험원,1402,건축공학 기술자,2312,건축공학 기술자,TECHNICAL_B2B_SERVICE,TECHNICAL_B2B,C,건설 기술 서비스형으로 확장 가능
1,연구직 및 공학 기술직,14,건설·채굴 연구개발직 및 공학기술직,140,건축·토목공학 기술자 및 시험원,1403,토목공학 기술자,2313,토목공학기술자,TECHNICAL_B2B_SERVICE,TECHNICAL_B2B,C,건설 기술 서비스형으로 확장 가능
1,연구직 및 공학 기술직,14,건설·채굴 연구개발직 및 공학기술직,140,건축·토목공학 기술자 및 시험원,1404,조경 기술자,2314,조경 기술자,CONSTRUCTION_PROJECT,PROJECT_SERVICE,C,설계·측량·조경 등 프로젝트 수익모델로 확장 가능
1,연구직 및 공학 기술직,14,건설·채굴 연구개발직 및 공학기술직,140,건축·토목공학 기술자 및 시험원,1405,도시·교통 전문가,2315,도시 및 교통 관련 전문가,CONSTRUCTION_PROJECT,PROJECT_SERVICE,C,설계·측량·조경 등 프로젝트 수익모델로 확장 가능
1,연구직 및 공학 기술직,14,건설·채굴 연구개발직 및 공학기술직,140,건축·토목공학 기술자 및 시험원,1406,측량·지리정보 전문가,2316,측량 및 지리 정보 전문가,CONSTRUCTION_PROJECT,PROJECT_SERVICE,C,설계·측량·조경 등 프로젝트 수익모델로 확장 가능
1,연구직 및 공학 기술직,14,건설·채굴 연구개발직 및 공학기술직,140,건축·토목공학 기술자 및 시험원,1407,건설자재 시험원,2317,건설자재 시험원,TECHNICAL_B2B_SERVICE,TECHNICAL_B2B,C,건설 기술 서비스형으로 확장 가능
1,연구직 및 공학 기술직,15,제조 연구개발직 및 공학기술직,151,기계·로봇공학 기술자 및 시험원,1511,기계공학 기술자 및 연구원,2351,기계공학 기술자 및 연구원,TECHNICAL_B2B_SERVICE,TECHNICAL_B2B,C,엔지니어링·시험·검사·R&D 서비스로 도메인 확장 필요
1,연구직 및 공학 기술직,15,제조 연구개발직 및 공학기술직,151,기계·로봇공학 기술자 및 시험원,1512,로봇공학 기술자 및 연구원,2352,로봇공학 기술자 및 연구원,TECHNICAL_B2B_SERVICE,TECHNICAL_B2B,C,엔지니어링·시험·검사·R&D 서비스로 도메인 확장 필요
1,연구직 및 공학 기술직,15,제조 연구개발직 및 공학기술직,151,기계·로봇공학 기술자 및 시험원,1513,기계·로봇공학 시험원,2353,기계 및 로봇공학 시험원,TECHNICAL_B2B_SERVICE,TECHNICAL_B2B,C,엔지니어링·시험·검사·R&D 서비스로 도메인 확장 필요
1,연구직 및 공학 기술직,15,제조 연구개발직 및 공학기술직,152,금속·재료공학 기술자 및 시험원,1521,금속·재료공학 기술자 및 연구원,2331,금속·재료 공학 연구원 및 기술자,TECHNICAL_B2B_SERVICE,TECHNICAL_B2B,C,엔지니어링·시험·검사·R&D 서비스로 도메인 확장 필요
1,연구직 및 공학 기술직,15,제조 연구개발직 및 공학기술직,152,금속·재료공학 기술자 및 시험원,1522,금속·재료공학 시험원,2332,금속 및 재료공학 시험원,TECHNICAL_B2B_SERVICE,TECHNICAL_B2B,C,엔지니어링·시험·검사·R&D 서비스로 도메인 확장 필요
1,연구직 및 공학 기술직,15,제조 연구개발직 및 공학기술직,153,전기·전자공학 기술자 및 시험원,1531,전기공학 기술자 및 연구원,2341,전기공학 기술자 및 연구원,TECHNICAL_B2B_SERVICE,TECHNICAL_B2B,C,엔지니어링·시험·검사·R&D 서비스로 도메인 확장 필요
1,연구직 및 공학 기술직,15,제조 연구개발직 및 공학기술직,153,전기·전자공학 기술자 및 시험원,1532,전자공학 기술자 및 연구원,2342,전자공학 기술자 및 연구원,TECHNICAL_B2B_SERVICE,TECHNICAL_B2B,C,엔지니어링·시험·검사·R&D 서비스로 도메인 확장 필요
1,연구직 및 공학 기술직,15,제조 연구개발직 및 공학기술직,153,전기·전자공학 기술자 및 시험원,1533,전기·전자공학 시험원,2343,전기 및 전자공학 시험원,TECHNICAL_B2B_SERVICE,TECHNICAL_B2B,C,엔지니어링·시험·검사·R&D 서비스로 도메인 확장 필요
1,연구직 및 공학 기술직,15,제조 연구개발직 및 공학기술직,154,화학공학 기술자 및 시험원,1541,화학공학 기술자 및 연구원,2321,화학공학 기술자 및 연구원,TECHNICAL_B2B_SERVICE,TECHNICAL_B2B,C,엔지니어링·시험·검사·R&D 서비스로 도메인 확장 필요
1,연구직 및 공학 기술직,15,제조 연구개발직 및 공학기술직,154,화학공학 기술자 및 시험원,1542,화학공학 시험원,2322,화학공학 시험원,TECHNICAL_B2B_SERVICE,TECHNICAL_B2B,C,엔지니어링·시험·검사·R&D 서비스로 도메인 확장 필요
1,연구직 및 공학 기술직,15,제조 연구개발직 및 공학기술직,155,에너지·환경공학 기술자 및 시험원,1551,가스·에너지공학 기술자 및 연구원,2372,가스·에너지 기술자 및 연구원,TECHNICAL_B2B_SERVICE,TECHNICAL_B2B,C,엔지니어링·시험·검사·R&D 서비스로 도메인 확장 필요
1,연구직 및 공학 기술직,15,제조 연구개발직 및 공학기술직,155,에너지·환경공학 기술자 및 시험원,1552,가스·에너지공학 시험원,2374,가스 및 에너지 시험원,TECHNICAL_B2B_SERVICE,TECHNICAL_B2B,C,엔지니어링·시험·검사·R&D 서비스로 도메인 확장 필요
1,연구직 및 공학 기술직,15,제조 연구개발직 및 공학기술직,155,에너지·환경공학 기술자 및 시험원,1553,환경공학 기술자 및 연구원,2371,환경공학기술자및연구원,TECHNICAL_B2B_SERVICE,TECHNICAL_B2B,C,엔지니어링·시험·검사·R&D 서비스로 도메인 확장 필요
1,연구직 및 공학 기술직,15,제조 연구개발직 및 공학기술직,155,에너지·환경공학 기술자 및 시험원,1554,환경공학 시험원,2373,환경공학시험원,TECHNICAL_B2B_SERVICE,TECHNICAL_B2B,C,엔지니어링·시험·검사·R&D 서비스로 도메인 확장 필요
1,연구직 및 공학 기술직,15,제조 연구개발직 및 공학기술직,155,에너지·환경공학 기술자 및 시험원,1555,보건위생·환경 검사원,2365,보건 위생 및 환경 검사원,TECHNICAL_B2B_SERVICE,TECHNICAL_B2B,C,엔지니어링·시험·검사·R&D 서비스로 도메인 확장 필요
1,연구직 및 공학 기술직,15,제조 연구개발직 및 공학기술직,156,섬유공학 기술자 및 시험원,1561,섬유공학 기술자 및 연구원,2392,섬유공학기술자및연구원,TECHNICAL_B2B_SERVICE,TECHNICAL_B2B,C,엔지니어링·시험·검사·R&D 서비스로 도메인 확장 필요
1,연구직 및 공학 기술직,15,제조 연구개발직 및 공학기술직,156,섬유공학 기술자 및 시험원,1562,섬유공학 시험원,2394,섬유공학 시험원,TECHNICAL_B2B_SERVICE,TECHNICAL_B2B,C,엔지니어링·시험·검사·R&D 서비스로 도메인 확장 필요
1,연구직 및 공학 기술직,15,제조 연구개발직 및 공학기술직,157,식품공학 기술자 및 시험원,1571,식품공학 기술자 및 연구원,2391,식품공학 기술자 및 연구원,TECHNICAL_B2B_SERVICE,TECHNICAL_B2B,C,엔지니어링·시험·검사·R&D 서비스로 도메인 확장 필요
1,연구직 및 공학 기술직,15,제조 연구개발직 및 공학기술직,157,식품공학 기술자 및 시험원,1572,식품공학 시험원,2393,식품공학 시험원,TECHNICAL_B2B_SERVICE,TECHNICAL_B2B,C,엔지니어링·시험·검사·R&D 서비스로 도메인 확장 필요
1,연구직 및 공학 기술직,15,제조 연구개발직 및 공학기술직,158,소방·방재·산업안전·비파괴 기술자,1581,방재 기술자 및 연구원,2361,방재 기술자 및 연구원,TECHNICAL_B2B_SERVICE,TECHNICAL_B2B,C,엔지니어링·시험·검사·R&D 서비스로 도메인 확장 필요
1,연구직 및 공학 기술직,15,제조 연구개발직 및 공학기술직,158,소방·방재·산업안전·비파괴 기술자,1582,소방공학 기술자 및 연구원,2362,소방공학 기술자 및 연구원,TECHNICAL_B2B_SERVICE,TECHNICAL_B2B,C,엔지니어링·시험·검사·R&D 서비스로 도메인 확장 필요
1,연구직 및 공학 기술직,15,제조 연구개발직 및 공학기술직,158,소방·방재·산업안전·비파괴 기술자,1583,소방공학 시험원,2363,소방공학시험원,TECHNICAL_B2B_SERVICE,TECHNICAL_B2B,C,엔지니어링·시험·검사·R&D 서비스로 도메인 확장 필요
1,연구직 및 공학 기술직,15,제조 연구개발직 및 공학기술직,158,소방·방재·산업안전·비파괴 기술자,1584,산업 안전원 및 위험 관리원,2364,산업 안전 및 위험 관리원,TECHNICAL_B2B_SERVICE,TECHNICAL_B2B,C,엔지니어링·시험·검사·R&D 서비스로 도메인 확장 필요
1,연구직 및 공학 기술직,15,제조 연구개발직 및 공학기술직,158,소방·방재·산업안전·비파괴 기술자,1585,비파괴 검사원,2366,비파괴 검사원,TECHNICAL_B2B_SERVICE,TECHNICAL_B2B,C,엔지니어링·시험·검사·R&D 서비스로 도메인 확장 필요
1,연구직 및 공학 기술직,15,제조 연구개발직 및 공학기술직,159,제도사 및 기타 인쇄·목재 등 공학 기술자 및 시험원,1591,제도사,2395,제도사,TECHNICAL_B2B_SERVICE,TECHNICAL_B2B,C,엔지니어링·시험·검사·R&D 서비스로 도메인 확장 필요
1,연구직 및 공학 기술직,15,제조 연구개발직 및 공학기술직,159,제도사 및 기타 인쇄·목재 등 공학 기술자 및 시험원,1599,기타 인쇄·목재 등 공학 기술자 및 시험원,2399,기타 공학 관련 기술자 및 시험원,TECHNICAL_B2B_SERVICE,TECHNICAL_B2B,C,엔지니어링·시험·검사·R&D 서비스로 도메인 확장 필요
2,교육·법률·사회복지·경찰·소방직 및 군인,21,교육직,211,대학 교수 및 강사,2111,대학 교수,2511,대학교수,MEMBERSHIP_EDUCATION,MEMBERSHIP_SERVICE,C,교육 서비스로 확장 가능하나 고용 직무와 사업체 운영을 구분해야 함
2,교육·법률·사회복지·경찰·소방직 및 군인,21,교육직,211,대학 교수 및 강사,2112,대학 시간강사,2512,대학 시간강사,MEMBERSHIP_EDUCATION,MEMBERSHIP_SERVICE,C,교육 서비스로 확장 가능하나 고용 직무와 사업체 운영을 구분해야 함
2,교육·법률·사회복지·경찰·소방직 및 군인,21,교육직,212,학교 교사,2121,중·고등학교 교사,2521,중·고등학교 교사,MEMBERSHIP_EDUCATION,MEMBERSHIP_SERVICE,C,교육 서비스로 확장 가능하나 고용 직무와 사업체 운영을 구분해야 함
2,교육·법률·사회복지·경찰·소방직 및 군인,21,교육직,212,학교 교사,2122,초등학교 교사,2522,초등학교 교사,MEMBERSHIP_EDUCATION,MEMBERSHIP_SERVICE,C,교육 서비스로 확장 가능하나 고용 직무와 사업체 운영을 구분해야 함
2,교육·법률·사회복지·경찰·소방직 및 군인,21,교육직,212,학교 교사,2123,특수교육 교사,2523,특수교육 교사,MEMBERSHIP_EDUCATION,MEMBERSHIP_SERVICE,C,교육 서비스로 확장 가능하나 고용 직무와 사업체 운영을 구분해야 함
2,교육·법률·사회복지·경찰·소방직 및 군인,21,교육직,212,학교 교사,2129,기타 교사,2599,기타 교사,MEMBERSHIP_EDUCATION,MEMBERSHIP_SERVICE,C,교육 서비스로 확장 가능하나 고용 직무와 사업체 운영을 구분해야 함
2,교육·법률·사회복지·경찰·소방직 및 군인,21,교육직,213,유치원 교사,2130,유치원 교사,2530,유치원 교사,MEMBERSHIP_EDUCATION,MEMBERSHIP_SERVICE,C,교육 서비스로 확장 가능하나 고용 직무와 사업체 운영을 구분해야 함
2,교육·법률·사회복지·경찰·소방직 및 군인,21,교육직,214,문리·기술·예능 강사,2141,문리·어학 강사,2541,문리 및 어학 강사,MEMBERSHIP_EDUCATION,MEMBERSHIP_SERVICE,A,수업·회차·재등록 구조가 있어 현재 엔진과 높은 호환성
2,교육·법률·사회복지·경찰·소방직 및 군인,21,교육직,214,문리·기술·예능 강사,2142,컴퓨터 강사,2542,컴퓨터 강사,MEMBERSHIP_EDUCATION,MEMBERSHIP_SERVICE,A,수업·회차·재등록 구조가 있어 현재 엔진과 높은 호환성
2,교육·법률·사회복지·경찰·소방직 및 군인,21,교육직,214,문리·기술·예능 강사,2143,기술·기능계 강사,2543,기술 및 기능계 강사,MEMBERSHIP_EDUCATION,MEMBERSHIP_SERVICE,A,수업·회차·재등록 구조가 있어 현재 엔진과 높은 호환성
2,교육·법률·사회복지·경찰·소방직 및 군인,21,교육직,214,문리·기술·예능 강사,2144,예능 강사,2544,예능 강사,MEMBERSHIP_EDUCATION,MEMBERSHIP_SERVICE,A,수업·회차·재등록 구조가 있어 현재 엔진과 높은 호환성
2,교육·법률·사회복지·경찰·소방직 및 군인,21,교육직,214,문리·기술·예능 강사,2145,학습지·교육교구 방문강사,2545,학습지 및 교육 교구 방문강사,MEMBERSHIP_EDUCATION,MEMBERSHIP_SERVICE,A,수업·회차·재등록 구조가 있어 현재 엔진과 높은 호환성
2,교육·법률·사회복지·경찰·소방직 및 군인,21,교육직,214,문리·기술·예능 강사,2149,기타 문리·기술 및 예능 강사,2549,기타 문리·기술 및 예능 강사,MEMBERSHIP_EDUCATION,MEMBERSHIP_SERVICE,A,수업·회차·재등록 구조가 있어 현재 엔진과 높은 호환성
2,교육·법률·사회복지·경찰·소방직 및 군인,21,교육직,215,장학관 및 기타 교육 종사자,2151,장학관·연구관 및 교육 전문가,2591,장학관·연구관 및 교육 관련 전문가,EMPLOYMENT_SUPPORT_ROLE,EMPLOYMENT_SUPPORT,D,교육 지원 직무 자체는 사업 업종으로 직접 매핑하기 어려움
2,교육·법률·사회복지·경찰·소방직 및 군인,21,교육직,215,장학관 및 기타 교육 종사자,2152,대학 교육 조교(연구 조교(RA) 포함),2592,대학 교육 조교,EMPLOYMENT_SUPPORT_ROLE,EMPLOYMENT_SUPPORT,D,교육 지원 직무 자체는 사업 업종으로 직접 매핑하기 어려움
2,교육·법률·사회복지·경찰·소방직 및 군인,21,교육직,215,장학관 및 기타 교육 종사자,2153,교사보조 및 보육보조 서비스 종사원,4212,보육 및 교사 보조 서비스 종사원,EMPLOYMENT_SUPPORT_ROLE,EMPLOYMENT_SUPPORT,D,교육 지원 직무 자체는 사업 업종으로 직접 매핑하기 어려움
2,교육·법률·사회복지·경찰·소방직 및 군인,22,법률직,221,법률 전문가,2211,판사 및 검사,2611,판사 및 검사,NONCOMMERCIAL_OR_PUBLIC_ROLE,NONCOMMERCIAL_PUBLIC,D,공공·고용 역할 성격이 강해 사업 업종으로 직접 매핑하지 않음
2,교육·법률·사회복지·경찰·소방직 및 군인,22,법률직,221,법률 전문가,2212,변호사,2612,변호사,LEAD_PROFESSIONAL_SERVICE,LEAD_SERVICE,B,상담→수임→반복 의뢰의 리드/프로젝트 구조로 적용 가능
2,교육·법률·사회복지·경찰·소방직 및 군인,22,법률직,221,법률 전문가,2213,법무사 및 집행관,2613,법무사 및 집행관,LEAD_PROFESSIONAL_SERVICE,LEAD_SERVICE,B,상담→수임→반복 의뢰의 리드/프로젝트 구조로 적용 가능
2,교육·법률·사회복지·경찰·소방직 및 군인,22,법률직,221,법률 전문가,2214,변리사,2614,변리사,LEAD_PROFESSIONAL_SERVICE,LEAD_SERVICE,B,상담→수임→반복 의뢰의 리드/프로젝트 구조로 적용 가능
2,교육·법률·사회복지·경찰·소방직 및 군인,22,법률직,221,법률 전문가,2219,기타 법률 전문가,2619,기타 법률 전문가,LEAD_PROFESSIONAL_SERVICE,LEAD_SERVICE,B,상담→수임→반복 의뢰의 리드/프로젝트 구조로 적용 가능
2,교육·법률·사회복지·경찰·소방직 및 군인,22,법률직,222,법률 사무원,2220,법률 사무원,3301,법률 관련 사무원,EMPLOYMENT_SUPPORT_ROLE,EMPLOYMENT_SUPPORT,D,법률 사무 직무 자체는 사업체 업종이 아님
2,교육·법률·사회복지·경찰·소방직 및 군인,23,사회복지·종교직,231,사회복지사 및 상담사,2311,사회복지사,2471,사회복지사,RECURRING_CARE_SERVICE,RECURRING_SERVICE,C,복지 서비스 운영에 적용 가능하나 기관/공공 영역 구분 필요
2,교육·법률·사회복지·경찰·소방직 및 군인,23,사회복지·종교직,231,사회복지사 및 상담사,2312,상담 전문가,2474,상담 전문가,APPOINTMENT_PROFESSIONAL,APPOINTMENT_SERVICE,A,상담·예약·재방문 구조로 현재 엔진 활용 가능
2,교육·법률·사회복지·경찰·소방직 및 군인,23,사회복지·종교직,231,사회복지사 및 상담사,2313,청소년 지도사,2475,청소년 지도사,RECURRING_CARE_SERVICE,RECURRING_SERVICE,C,복지 서비스 운영에 적용 가능하나 기관/공공 영역 구분 필요
2,교육·법률·사회복지·경찰·소방직 및 군인,23,사회복지·종교직,231,사회복지사 및 상담사,2314,직업상담사,2473,직업상담사,APPOINTMENT_PROFESSIONAL,APPOINTMENT_SERVICE,A,상담·예약·재방문 구조로 현재 엔진 활용 가능
2,교육·법률·사회복지·경찰·소방직 및 군인,23,사회복지·종교직,231,사회복지사 및 상담사,2315,시민단체 활동가,2476,시민 단체 활동가,NONCOMMERCIAL_OR_PUBLIC_ROLE,NONCOMMERCIAL_PUBLIC,D,수익형 소상공인 사업 분류로 직접 적용하기 어려움
2,교육·법률·사회복지·경찰·소방직 및 군인,23,사회복지·종교직,232,보육교사 및 기타 사회복지 종사자,2321,보육교사,2472,보육교사,RECURRING_CARE_SERVICE,RECURRING_SERVICE,B,정기 이용·재등록·수용능력 기반 서비스로 적용 가능
2,교육·법률·사회복지·경찰·소방직 및 군인,23,사회복지·종교직,232,보육교사 및 기타 사회복지 종사자,2329,기타 사회복지 종사원,2479,기타 사회복지 관련 종사원,RECURRING_CARE_SERVICE,RECURRING_SERVICE,C,복지 서비스 운영에 적용 가능하나 기관/공공 영역 구분 필요
2,교육·법률·사회복지·경찰·소방직 및 군인,23,사회복지·종교직,233,성직자 및 기타 종교 종사자,2331,성직자,2481,성직자,NONCOMMERCIAL_OR_PUBLIC_ROLE,NONCOMMERCIAL_PUBLIC,D,수익형 소상공인 사업 분류로 직접 적용하기 어려움
2,교육·법률·사회복지·경찰·소방직 및 군인,23,사회복지·종교직,233,성직자 및 기타 종교 종사자,2339,기타 종교 종사원,2489,기타 종교 관련 종사원,NONCOMMERCIAL_OR_PUBLIC_ROLE,NONCOMMERCIAL_PUBLIC,D,수익형 소상공인 사업 분류로 직접 적용하기 어려움
2,교육·법률·사회복지·경찰·소방직 및 군인,24,경찰·소방·교도직,240,"경찰관, 소방관 및 교도관",2401,경찰관 및 수사관,4111,경찰관 및 수사관,NONCOMMERCIAL_OR_PUBLIC_ROLE,NONCOMMERCIAL_PUBLIC,D,공공·고용 역할 성격이 강해 사업 업종으로 직접 매핑하지 않음
2,교육·법률·사회복지·경찰·소방직 및 군인,24,경찰·소방·교도직,240,"경찰관, 소방관 및 교도관",2402,소방관,4112,소방관,NONCOMMERCIAL_OR_PUBLIC_ROLE,NONCOMMERCIAL_PUBLIC,D,공공·고용 역할 성격이 강해 사업 업종으로 직접 매핑하지 않음
2,교육·법률·사회복지·경찰·소방직 및 군인,24,경찰·소방·교도직,240,"경찰관, 소방관 및 교도관",2403,교도관 및 소년원학교 교사,4113,소년원 학교 교사 및 교도관,NONCOMMERCIAL_OR_PUBLIC_ROLE,NONCOMMERCIAL_PUBLIC,D,공공·고용 역할 성격이 강해 사업 업종으로 직접 매핑하지 않음
2,교육·법률·사회복지·경찰·소방직 및 군인,25,군인,250,군인,2501,영관급 이상 장교,A011,영관급 이상 장교,NONCOMMERCIAL_OR_PUBLIC_ROLE,NONCOMMERCIAL_PUBLIC,D,공공·고용 역할 성격이 강해 사업 업종으로 직접 매핑하지 않음
2,교육·법률·사회복지·경찰·소방직 및 군인,25,군인,250,군인,2502,위관급 장교,A012,위관급 장교,NONCOMMERCIAL_OR_PUBLIC_ROLE,NONCOMMERCIAL_PUBLIC,D,공공·고용 역할 성격이 강해 사업 업종으로 직접 매핑하지 않음
2,교육·법률·사회복지·경찰·소방직 및 군인,25,군인,250,군인,2503,부사관,A020,부사관,NONCOMMERCIAL_OR_PUBLIC_ROLE,NONCOMMERCIAL_PUBLIC,D,공공·고용 역할 성격이 강해 사업 업종으로 직접 매핑하지 않음
2,교육·법률·사회복지·경찰·소방직 및 군인,25,군인,250,군인,2509,기타 군인,A090,기타 군인,NONCOMMERCIAL_OR_PUBLIC_ROLE,NONCOMMERCIAL_PUBLIC,D,공공·고용 역할 성격이 강해 사업 업종으로 직접 매핑하지 않음
3,보건·의료직,30,보건·의료직,301,"의사, 한의사 및 치과의사",3011,전문 의사,2411,전문 의사,APPOINTMENT_HEALTH,APPOINTMENT_SERVICE,B,예약·재방문·서비스 매출 구조로 적용 가능하나 의료/의약 규제 검토 필요
3,보건·의료직,30,보건·의료직,301,"의사, 한의사 및 치과의사",3012,일반 의사,2412,일반 의사,APPOINTMENT_HEALTH,APPOINTMENT_SERVICE,B,예약·재방문·서비스 매출 구조로 적용 가능하나 의료/의약 규제 검토 필요
3,보건·의료직,30,보건·의료직,301,"의사, 한의사 및 치과의사",3013,한의사,2413,한의사,APPOINTMENT_HEALTH,APPOINTMENT_SERVICE,B,예약·재방문·서비스 매출 구조로 적용 가능하나 의료/의약 규제 검토 필요
3,보건·의료직,30,보건·의료직,301,"의사, 한의사 및 치과의사",3014,치과 의사,2414,치과 의사,APPOINTMENT_HEALTH,APPOINTMENT_SERVICE,B,예약·재방문·서비스 매출 구조로 적용 가능하나 의료/의약 규제 검토 필요
3,보건·의료직,30,보건·의료직,302,수의사,3020,수의사,2415,수의사,APPOINTMENT_HEALTH,APPOINTMENT_SERVICE,B,예약·재방문·서비스 매출 구조로 적용 가능하나 의료/의약 규제 검토 필요
3,보건·의료직,30,보건·의료직,303,약사 및 한약사,3030,약사 및 한약사,2420,약사 및 한약사,APPOINTMENT_HEALTH,APPOINTMENT_SERVICE,B,예약·재방문·서비스 매출 구조로 적용 가능하나 의료/의약 규제 검토 필요
3,보건·의료직,30,보건·의료직,304,간호사,3040,간호사,2430,간호사,HEALTH_EMPLOYMENT_OR_CLINIC_SUPPORT,APPOINTMENT_SERVICE,C,의료기관 운영 데이터에 포함 가능하나 직무 자체와 사업체 구분 필요
3,보건·의료직,30,보건·의료직,305,영양사,3050,영양사,2440,영양사,HEALTH_EMPLOYMENT_OR_CLINIC_SUPPORT,APPOINTMENT_SERVICE,C,의료기관 운영 데이터에 포함 가능하나 직무 자체와 사업체 구분 필요
3,보건·의료직,30,보건·의료직,306,의료기사·치료사·재활사,3061,임상병리사,2451,임상병리사,HEALTH_EMPLOYMENT_OR_CLINIC_SUPPORT,APPOINTMENT_SERVICE,C,의료기관 운영 데이터에 포함 가능하나 직무 자체와 사업체 구분 필요
3,보건·의료직,30,보건·의료직,306,의료기사·치료사·재활사,3062,방사선사,2452,방사선사,HEALTH_EMPLOYMENT_OR_CLINIC_SUPPORT,APPOINTMENT_SERVICE,C,의료기관 운영 데이터에 포함 가능하나 직무 자체와 사업체 구분 필요
3,보건·의료직,30,보건·의료직,306,의료기사·치료사·재활사,3063,치과기공사,2453,치과기공사,HEALTH_EMPLOYMENT_OR_CLINIC_SUPPORT,APPOINTMENT_SERVICE,C,의료기관 운영 데이터에 포함 가능하나 직무 자체와 사업체 구분 필요
3,보건·의료직,30,보건·의료직,306,의료기사·치료사·재활사,3064,치과위생사,2454,치과위생사,HEALTH_EMPLOYMENT_OR_CLINIC_SUPPORT,APPOINTMENT_SERVICE,C,의료기관 운영 데이터에 포함 가능하나 직무 자체와 사업체 구분 필요
3,보건·의료직,30,보건·의료직,306,의료기사·치료사·재활사,3065,물리 및 작업 치료사,2456,물리 및 작업 치료사,APPOINTMENT_HEALTH,APPOINTMENT_SERVICE,B,예약·재방문·서비스 매출 구조로 적용 가능하나 의료/의약 규제 검토 필요
3,보건·의료직,30,보건·의료직,306,의료기사·치료사·재활사,3066,임상심리사,2457,임상심리사,APPOINTMENT_HEALTH,APPOINTMENT_SERVICE,B,예약·재방문·서비스 매출 구조로 적용 가능하나 의료/의약 규제 검토 필요
3,보건·의료직,30,보건·의료직,306,의료기사·치료사·재활사,3067,재활공학 기사,2455,재활공학 기사,HEALTH_EMPLOYMENT_OR_CLINIC_SUPPORT,APPOINTMENT_SERVICE,C,의료기관 운영 데이터에 포함 가능하나 직무 자체와 사업체 구분 필요
3,보건·의료직,30,보건·의료직,306,의료기사·치료사·재활사,3069,기타 치료·재활사 및 의료기사,2459,기타 치료·재활사 및 의료기사,APPOINTMENT_HEALTH,APPOINTMENT_SERVICE,B,예약·재방문·서비스 매출 구조로 적용 가능하나 의료/의약 규제 검토 필요
3,보건·의료직,30,보건·의료직,307,보건·의료 종사자,3071,응급구조사,2461,응급 구조사,HEALTH_EMPLOYMENT_OR_CLINIC_SUPPORT,APPOINTMENT_SERVICE,C,의료기관 운영 데이터에 포함 가능하나 직무 자체와 사업체 구분 필요
3,보건·의료직,30,보건·의료직,307,보건·의료 종사자,3072,위생사,2462,위생사,HEALTH_EMPLOYMENT_OR_CLINIC_SUPPORT,APPOINTMENT_SERVICE,C,의료기관 운영 데이터에 포함 가능하나 직무 자체와 사업체 구분 필요
3,보건·의료직,30,보건·의료직,307,보건·의료 종사자,3073,안경사,2463,안경사,APPOINTMENT_HEALTH,APPOINTMENT_SERVICE,B,예약·재방문·서비스 매출 구조로 적용 가능하나 의료/의약 규제 검토 필요
3,보건·의료직,30,보건·의료직,307,보건·의료 종사자,3074,의무기록사,2464,의무 기록사,HEALTH_EMPLOYMENT_OR_CLINIC_SUPPORT,APPOINTMENT_SERVICE,C,의료기관 운영 데이터에 포함 가능하나 직무 자체와 사업체 구분 필요
3,보건·의료직,30,보건·의료직,307,보건·의료 종사자,3075,간호조무사,2465,간호조무사,HEALTH_EMPLOYMENT_OR_CLINIC_SUPPORT,APPOINTMENT_SERVICE,C,의료기관 운영 데이터에 포함 가능하나 직무 자체와 사업체 구분 필요
3,보건·의료직,30,보건·의료직,307,보건·의료 종사자,3076,안마사,2466,안마사,APPOINTMENT_HEALTH,APPOINTMENT_SERVICE,B,예약·재방문·서비스 매출 구조로 적용 가능하나 의료/의약 규제 검토 필요
3,보건·의료직,30,보건·의료직,307,보건·의료 종사자,3079,기타 보건·의료 종사원,4219,기타 돌봄 및 보건 서비스 종사원,HEALTH_EMPLOYMENT_OR_CLINIC_SUPPORT,APPOINTMENT_SERVICE,C,의료기관 운영 데이터에 포함 가능하나 직무 자체와 사업체 구분 필요
4,예술·디자인·방송·스포츠직,41,예술·디자인·방송직,411,작가·통번역가,4111,작가,2811,작가,PERSONAL_BRAND_PROJECT,PERSONAL_BRAND,C,개인 창작/공연 수익모델은 별도 프로젝트·브랜드 모델 필요
4,예술·디자인·방송·스포츠직,41,예술·디자인·방송직,411,작가·통번역가,4112,번역가 및 통역가,2814,번역가 및 통역가,PROJECT_CREATIVE,PROJECT_SERVICE,B,프로젝트·예약·견적 기반 창작 서비스로 적용 가능
4,예술·디자인·방송·스포츠직,41,예술·디자인·방송직,411,작가·통번역가,4113,출판물 전문가,2812,출판물 전문가,PERSONAL_BRAND_PROJECT,PERSONAL_BRAND,C,개인 창작/공연 수익모델은 별도 프로젝트·브랜드 모델 필요
4,예술·디자인·방송·스포츠직,41,예술·디자인·방송직,412,기자 및 언론 전문가,4120,기자 및 언론 전문가,2813,기자 및 언론 관련 전문가,PERSONAL_BRAND_PROJECT,PERSONAL_BRAND,C,개인 창작/공연 수익모델은 별도 프로젝트·브랜드 모델 필요
4,예술·디자인·방송·스포츠직,41,예술·디자인·방송직,413,학예사·사서·기록물관리사,4131,학예사 및 문화재 보존원,2821,학예사 및 문화재 보존원,PERSONAL_BRAND_PROJECT,PERSONAL_BRAND,C,개인 창작/공연 수익모델은 별도 프로젝트·브랜드 모델 필요
4,예술·디자인·방송·스포츠직,41,예술·디자인·방송직,413,학예사·사서·기록물관리사,4132,사서 및 기록물 관리사,2822,사서 및 기록물 관리사,PERSONAL_BRAND_PROJECT,PERSONAL_BRAND,C,개인 창작/공연 수익모델은 별도 프로젝트·브랜드 모델 필요
4,예술·디자인·방송·스포츠직,41,예술·디자인·방송직,414,"창작·공연 전문가(작가, 연극 제외)",4141,화가 및 조각가,2841,화가 및 조각가,PERSONAL_BRAND_PROJECT,PERSONAL_BRAND,C,개인 창작/공연 수익모델은 별도 프로젝트·브랜드 모델 필요
4,예술·디자인·방송·스포츠직,41,예술·디자인·방송직,414,"창작·공연 전문가(작가, 연극 제외)",4142,사진작가 및 사진사,2842,사진기자 및 사진가,PROJECT_CREATIVE,PROJECT_SERVICE,B,프로젝트·예약·견적 기반 창작 서비스로 적용 가능
4,예술·디자인·방송·스포츠직,41,예술·디자인·방송직,414,"창작·공연 전문가(작가, 연극 제외)",4143,만화가 및 만화영화 작가,2843,만화가 및 만화영화 작가,PERSONAL_BRAND_PROJECT,PERSONAL_BRAND,C,개인 창작/공연 수익모델은 별도 프로젝트·브랜드 모델 필요
4,예술·디자인·방송·스포츠직,41,예술·디자인·방송직,414,"창작·공연 전문가(작가, 연극 제외)",4144,국악인 및 전통 예능인,2844,국악 및 전통 예능인,PERSONAL_BRAND_PROJECT,PERSONAL_BRAND,C,개인 창작/공연 수익모델은 별도 프로젝트·브랜드 모델 필요
4,예술·디자인·방송·스포츠직,41,예술·디자인·방송직,414,"창작·공연 전문가(작가, 연극 제외)",4145,"지휘자, 작곡가 및 연주가",2845,지휘자·작곡가및연주가,PERSONAL_BRAND_PROJECT,PERSONAL_BRAND,C,개인 창작/공연 수익모델은 별도 프로젝트·브랜드 모델 필요
4,예술·디자인·방송·스포츠직,41,예술·디자인·방송직,414,"창작·공연 전문가(작가, 연극 제외)",4146,가수 및 성악가,2846,가수 및 성악가,PERSONAL_BRAND_PROJECT,PERSONAL_BRAND,C,개인 창작/공연 수익모델은 별도 프로젝트·브랜드 모델 필요
4,예술·디자인·방송·스포츠직,41,예술·디자인·방송직,414,"창작·공연 전문가(작가, 연극 제외)",4147,무용가 및 안무가,2847,무용가 및 안무가,PERSONAL_BRAND_PROJECT,PERSONAL_BRAND,C,개인 창작/공연 수익모델은 별도 프로젝트·브랜드 모델 필요
4,예술·디자인·방송·스포츠직,41,예술·디자인·방송직,414,"창작·공연 전문가(작가, 연극 제외)",4149,기타 시각 및 공연 예술가,2849,기타 시각 및 공연 예술가,PERSONAL_BRAND_PROJECT,PERSONAL_BRAND,C,개인 창작/공연 수익모델은 별도 프로젝트·브랜드 모델 필요
4,예술·디자인·방송·스포츠직,41,예술·디자인·방송직,415,디자이너,4151,제품 디자이너,2851,제품 디자이너,PROJECT_CREATIVE,PROJECT_SERVICE,B,프로젝트·예약·견적 기반 창작 서비스로 적용 가능
4,예술·디자인·방송·스포츠직,41,예술·디자인·방송직,415,디자이너,4153,실내장식 디자이너,2853,실내장식 디자이너,PROJECT_CREATIVE,PROJECT_SERVICE,B,프로젝트·예약·견적 기반 창작 서비스로 적용 가능
4,예술·디자인·방송·스포츠직,41,예술·디자인·방송직,415,디자이너,4154,시각 디자이너,2854,시각 디자이너,PROJECT_CREATIVE,PROJECT_SERVICE,B,프로젝트·예약·견적 기반 창작 서비스로 적용 가능
4,예술·디자인·방송·스포츠직,41,예술·디자인·방송직,415,디자이너,4155,미디어 콘텐츠 디자이너,2855,미디어 콘텐츠 디자이너,PROJECT_CREATIVE,PROJECT_SERVICE,B,프로젝트·예약·견적 기반 창작 서비스로 적용 가능
4,예술·디자인·방송·스포츠직,41,예술·디자인·방송직,416,연극·영화·방송 전문가,4161,감독 및 기술감독,2831,감독 및 기술 감독,PERSONAL_BRAND_PROJECT,PERSONAL_BRAND,C,개인 창작/공연 수익모델은 별도 프로젝트·브랜드 모델 필요
4,예술·디자인·방송·스포츠직,41,예술·디자인·방송직,416,연극·영화·방송 전문가,4162,배우 및 모델,2832,배우 및 모델,PERSONAL_BRAND_PROJECT,PERSONAL_BRAND,C,개인 창작/공연 수익모델은 별도 프로젝트·브랜드 모델 필요
4,예술·디자인·방송·스포츠직,41,예술·디자인·방송직,416,연극·영화·방송 전문가,4163,아나운서 및 리포터,2833,아나운서 및 리포터,PERSONAL_BRAND_PROJECT,PERSONAL_BRAND,C,개인 창작/공연 수익모델은 별도 프로젝트·브랜드 모델 필요
4,예술·디자인·방송·스포츠직,41,예술·디자인·방송직,416,연극·영화·방송 전문가,4164,촬영 기사,2834,촬영기사,PROJECT_CREATIVE,PROJECT_SERVICE,B,프로젝트·예약·견적 기반 창작 서비스로 적용 가능
4,예술·디자인·방송·스포츠직,41,예술·디자인·방송직,416,연극·영화·방송 전문가,4165,음향·녹음 기사,2835,음향 및 녹음 기사,PROJECT_CREATIVE,PROJECT_SERVICE,B,프로젝트·예약·견적 기반 창작 서비스로 적용 가능
4,예술·디자인·방송·스포츠직,41,예술·디자인·방송직,416,연극·영화·방송 전문가,4166,영상·녹화·편집 기사,2836,영상·녹화 및 편집 기사,PROJECT_CREATIVE,PROJECT_SERVICE,B,프로젝트·예약·견적 기반 창작 서비스로 적용 가능
4,예술·디자인·방송·스포츠직,41,예술·디자인·방송직,416,연극·영화·방송 전문가,4167,조명·영사 기사,2837,조명기사 및 영사기사,PROJECT_CREATIVE,PROJECT_SERVICE,B,프로젝트·예약·견적 기반 창작 서비스로 적용 가능
4,예술·디자인·방송·스포츠직,41,예술·디자인·방송직,416,연극·영화·방송 전문가,4169,기타 연극·영화·방송 종사원,2839,기타 연극·영화 및 영상 관련 종사원,PROJECT_CREATIVE,PROJECT_SERVICE,B,프로젝트·예약·견적 기반 창작 서비스로 적용 가능
4,예술·디자인·방송·스포츠직,41,예술·디자인·방송직,417,문화·예술 기획자 및 매니저,4171,공연·영화 및 음반 기획자,2881,공연·영화 및 음반 기획자,EVENT_PROJECT,PROJECT_SERVICE,B,행사·콘텐츠 프로젝트·계약형으로 적용 가능
4,예술·디자인·방송·스포츠직,41,예술·디자인·방송직,417,문화·예술 기획자 및 매니저,4172,연예인매니저 및 스포츠매니저,2882,연예인 및 스포츠 매니저,EVENT_PROJECT,PROJECT_SERVICE,B,행사·콘텐츠 프로젝트·계약형으로 적용 가능
4,예술·디자인·방송·스포츠직,42,스포츠·레크리에이션직,420,스포츠·레크리에이션 종사자,4201,스포츠 감독 및 코치,2861,스포츠 감독 및 코치,MEMBERSHIP_FITNESS,MEMBERSHIP_SERVICE,A,회차·예약·회원 재등록 구조가 있어 현재 엔진과 높은 호환성
4,예술·디자인·방송·스포츠직,42,스포츠·레크리에이션직,420,스포츠·레크리에이션 종사자,4202,직업 운동선수,2862,직업 운동선수,PERSONAL_BRAND_EVENT,PERSONAL_BRAND,C,개인 브랜드·스폰서·경기 수익모델로 별도 모델 필요
4,예술·디자인·방송·스포츠직,42,스포츠·레크리에이션직,420,스포츠·레크리에이션 종사자,4203,경기 심판 및 경기 기록원,2863,경기 심판 및 경기 기록원,EVENT_PROJECT,PROJECT_SERVICE,C,경기·이벤트 단위 데이터 모델이 필요
4,예술·디자인·방송·스포츠직,42,스포츠·레크리에이션직,420,스포츠·레크리에이션 종사자,4204,"스포츠강사, 레크리에이션강사 및 기타 관련 전문가",2869,기타 스포츠 및 레크리에이션 관련 전문가,MEMBERSHIP_FITNESS,MEMBERSHIP_SERVICE,A,회차·예약·회원 재등록 구조가 있어 현재 엔진과 높은 호환성
4,예술·디자인·방송·스포츠직,42,스포츠·레크리에이션직,420,스포츠·레크리에이션 종사자,4209,기타 스포츠 및 여가서비스 종사원,4329,기타 여가서비스 종사원,MEMBERSHIP_FITNESS,MEMBERSHIP_SERVICE,A,회차·예약·회원 재등록 구조가 있어 현재 엔진과 높은 호환성
5,미용·여행·숙박·음식·경비·청소직,51,미용·예식 서비스직,511,미용 서비스원,5111,이용사,4221,이용사,APPOINTMENT_PERSONAL,APPOINTMENT_SERVICE,A,예약·재방문·서비스별 객단가 구조로 MVP와 직접 호환
5,미용·여행·숙박·음식·경비·청소직,51,미용·예식 서비스직,511,미용 서비스원,5112,미용사,4222,미용사,APPOINTMENT_PERSONAL,APPOINTMENT_SERVICE,A,예약·재방문·서비스별 객단가 구조로 MVP와 직접 호환
5,미용·여행·숙박·음식·경비·청소직,51,미용·예식 서비스직,511,미용 서비스원,5113,피부 및 체형 관리사,4223,피부 및 체형 관리사,APPOINTMENT_PERSONAL,APPOINTMENT_SERVICE,A,예약·재방문·서비스별 객단가 구조로 MVP와 직접 호환
5,미용·여행·숙박·음식·경비·청소직,51,미용·예식 서비스직,511,미용 서비스원,5114,메이크업 아티스트 및 분장사,4224,메이크업 아티스트 및 분장사,APPOINTMENT_PERSONAL,APPOINTMENT_SERVICE,A,예약·재방문·서비스별 객단가 구조로 MVP와 직접 호환
5,미용·여행·숙박·음식·경비·청소직,51,미용·예식 서비스직,511,미용 서비스원,5115,반려동물 미용 및 관리 종사원,4291,반려동물 미용 및 관리 종사원,APPOINTMENT_PERSONAL,APPOINTMENT_SERVICE,A,예약·재방문·서비스별 객단가 구조로 MVP와 직접 호환
5,미용·여행·숙박·음식·경비·청소직,51,미용·예식 서비스직,511,미용 서비스원,5119,기타 미용 서비스원,4229,기타 미용 관련 서비스 종사원,APPOINTMENT_PERSONAL,APPOINTMENT_SERVICE,A,예약·재방문·서비스별 객단가 구조로 MVP와 직접 호환
5,미용·여행·숙박·음식·경비·청소직,51,미용·예식 서비스직,512,결혼·장례 등 예식 서비스원,5121,결혼상담원 및 웨딩플래너,4231,결혼상담원 및 웨딩플래너,EVENT_PROJECT,PROJECT_SERVICE,B,예약·상담·행사일·계약금 구조로 적용 가능
5,미용·여행·숙박·음식·경비·청소직,51,미용·예식 서비스직,512,결혼·장례 등 예식 서비스원,5122,혼례 종사원,4232,혼례 종사원,EVENT_PROJECT,PROJECT_SERVICE,B,예약·상담·행사일·계약금 구조로 적용 가능
5,미용·여행·숙박·음식·경비·청소직,51,미용·예식 서비스직,512,결혼·장례 등 예식 서비스원,5123,장례 지도사 및 장례 상담원,4233,장례 상담원 및 장례 지도사,EVENT_PROJECT,PROJECT_SERVICE,B,예약·상담·행사일·계약금 구조로 적용 가능
5,미용·여행·숙박·음식·경비·청소직,51,미용·예식 서비스직,512,결혼·장례 등 예식 서비스원,5124,점술가 및 민속신앙 종사원,4292,점술가 및 민속신앙 종사원,APPOINTMENT_PROFESSIONAL,APPOINTMENT_SERVICE,B,상담/예약 기반 개인서비스로 적용 가능
5,미용·여행·숙박·음식·경비·청소직,51,미용·예식 서비스직,512,결혼·장례 등 예식 서비스원,5129,기타 개인 생활 서비스원,4293,개인 생활 서비스 종사원,APPOINTMENT_PROFESSIONAL,APPOINTMENT_SERVICE,B,상담/예약 기반 개인서비스로 적용 가능
5,미용·여행·숙박·음식·경비·청소직,52,여행·숙박·오락 서비스직,521,여행 서비스원,5211,여행상품 개발자,2732,여행 상품 개발자,TRAVEL_BOOKING,ACCOMMODATION_TRAVEL,B,상품·예약·취소·재구매 구조로 적용 가능
5,미용·여행·숙박·음식·경비·청소직,52,여행·숙박·오락 서비스직,521,여행 서비스원,5212,여행 사무원,3921,여행 사무원,TRAVEL_BOOKING,ACCOMMODATION_TRAVEL,B,상품·예약·취소·재구매 구조로 적용 가능
5,미용·여행·숙박·음식·경비·청소직,52,여행·숙박·오락 서비스직,521,여행 서비스원,5213,여행 안내원 및 해설사,4321,여가 및 관광 서비스 종사원,TRAVEL_BOOKING,ACCOMMODATION_TRAVEL,B,상품·예약·취소·재구매 구조로 적용 가능
5,미용·여행·숙박·음식·경비·청소직,52,여행·숙박·오락 서비스직,522,항공기·선박·열차 객실승무원,5221,항공기 객실승무원,4311,항공기 객실 승무원,EMPLOYMENT_SUPPORT_ROLE,EMPLOYMENT_SUPPORT,D,운송기관 종사 직무 자체는 사업 업종으로 직접 매핑하기 어려움
5,미용·여행·숙박·음식·경비·청소직,52,여행·숙박·오락 서비스직,522,항공기·선박·열차 객실승무원,5222,선박·열차 객실승무원,4312,선박 및 열차 객실 승무원,EMPLOYMENT_SUPPORT_ROLE,EMPLOYMENT_SUPPORT,D,운송기관 종사 직무 자체는 사업 업종으로 직접 매핑하기 어려움
5,미용·여행·숙박·음식·경비·청소직,52,여행·숙박·오락 서비스직,523,숙박시설 서비스원,5230,숙박시설 서비스원,4322,숙박시설 서비스 종사원,ACCOMMODATION,ACCOMMODATION_TRAVEL,B,객실/일자별 점유율·취소·재방문 분석으로 확장 가능
5,미용·여행·숙박·음식·경비·청소직,52,여행·숙박·오락 서비스직,524,오락시설 서비스원,5240,오락시설 서비스원,4323,오락시설 서비스 종사원,LEISURE_BOOKING_OR_WALKIN,WALKIN_COMMERCE,B,시간대 수요·예약 또는 입장 매출 분석으로 적용 가능
5,미용·여행·숙박·음식·경비·청소직,53,음식 서비스직,531,주방장 및 조리사,5311,주방장 및 요리 연구가,2870,주방장 및 요리 연구가,FOOD_WALKIN_DELIVERY,WALKIN_COMMERCE,B,시간대별 매출·상품수요·재방문 분석으로 현재 루프 확장 가능
5,미용·여행·숙박·음식·경비·청소직,53,음식 서비스직,531,주방장 및 조리사,5312,한식 조리사,4411,한식 조리사,FOOD_WALKIN_DELIVERY,WALKIN_COMMERCE,B,시간대별 매출·상품수요·재방문 분석으로 현재 루프 확장 가능
5,미용·여행·숙박·음식·경비·청소직,53,음식 서비스직,531,주방장 및 조리사,5313,중식 조리사,4412,중식 조리사,FOOD_WALKIN_DELIVERY,WALKIN_COMMERCE,B,시간대별 매출·상품수요·재방문 분석으로 현재 루프 확장 가능
5,미용·여행·숙박·음식·경비·청소직,53,음식 서비스직,531,주방장 및 조리사,5314,양식 조리사,4413,양식 조리사,FOOD_WALKIN_DELIVERY,WALKIN_COMMERCE,B,시간대별 매출·상품수요·재방문 분석으로 현재 루프 확장 가능
5,미용·여행·숙박·음식·경비·청소직,53,음식 서비스직,531,주방장 및 조리사,5315,일식 조리사,4414,일식 조리사,FOOD_WALKIN_DELIVERY,WALKIN_COMMERCE,B,시간대별 매출·상품수요·재방문 분석으로 현재 루프 확장 가능
5,미용·여행·숙박·음식·경비·청소직,53,음식 서비스직,531,주방장 및 조리사,5316,바텐더,4421,바텐더,FOOD_WALKIN_DELIVERY,WALKIN_COMMERCE,B,시간대별 매출·상품수요·재방문 분석으로 현재 루프 확장 가능
5,미용·여행·숙박·음식·경비·청소직,53,음식 서비스직,531,주방장 및 조리사,5317,음료 조리사,4415,음료 조리사,FOOD_WALKIN_DELIVERY,WALKIN_COMMERCE,B,시간대별 매출·상품수요·재방문 분석으로 현재 루프 확장 가능
5,미용·여행·숙박·음식·경비·청소직,53,음식 서비스직,531,주방장 및 조리사,5319,기타 조리사,4419,기타 조리사,FOOD_WALKIN_DELIVERY,WALKIN_COMMERCE,B,시간대별 매출·상품수요·재방문 분석으로 현재 루프 확장 가능
5,미용·여행·숙박·음식·경비·청소직,53,음식 서비스직,532,식당 서비스원,5321,패스트푸드 준비원,9521,패스트푸드 준비원,FOOD_WALKIN_DELIVERY,WALKIN_COMMERCE,C,사업 운영 데이터에는 포함되나 해당 직무 자체는 업종이 아님
5,미용·여행·숙박·음식·경비·청소직,53,음식 서비스직,532,식당 서비스원,5322,접객원(홀서빙원),4422,웨이터,FOOD_WALKIN_DELIVERY,WALKIN_COMMERCE,C,사업 운영 데이터에는 포함되나 해당 직무 자체는 업종이 아님
5,미용·여행·숙박·음식·경비·청소직,53,음식 서비스직,532,식당 서비스원,5323,주방 보조원,9522,주방 보조원,FOOD_WALKIN_DELIVERY,WALKIN_COMMERCE,C,사업 운영 데이터에는 포함되나 해당 직무 자체는 업종이 아님
5,미용·여행·숙박·음식·경비·청소직,53,음식 서비스직,532,식당 서비스원,5324,음식 배달원,9223,음식 배달원,FOOD_WALKIN_DELIVERY,WALKIN_COMMERCE,C,사업 운영 데이터에는 포함되나 해당 직무 자체는 업종이 아님
5,미용·여행·숙박·음식·경비·청소직,53,음식 서비스직,532,식당 서비스원,5329,기타 음식 서비스 종사원,4429,기타 음식 서비스 종사원,FOOD_WALKIN_DELIVERY,WALKIN_COMMERCE,C,사업 운영 데이터에는 포함되나 해당 직무 자체는 업종이 아님
5,미용·여행·숙박·음식·경비·청소직,54,경호·경비직,541,경호·보안 종사자,5411,경호원,4121,경호원,RECURRING_FACILITY_SERVICE,RECURRING_SERVICE,B,계약·현장·인력가동률·갱신 기반 서비스로 적용 가능
5,미용·여행·숙박·음식·경비·청소직,54,경호·경비직,541,경호·보안 종사자,5412,청원경찰,4122,청원경찰,NONCOMMERCIAL_OR_PUBLIC_ROLE,NONCOMMERCIAL_PUBLIC,D,공공·고용 역할 성격이 강해 사업 업종으로 직접 매핑하지 않음
5,미용·여행·숙박·음식·경비·청소직,54,경호·경비직,541,경호·보안 종사자,5413,시설·특수 경비원,4123,시설 및 특수 경비원,RECURRING_FACILITY_SERVICE,RECURRING_SERVICE,B,계약·현장·인력가동률·갱신 기반 서비스로 적용 가능
5,미용·여행·숙박·음식·경비·청소직,54,경호·경비직,541,경호·보안 종사자,5419,기타 경호·보안 종사원,4129,기타 경호 및 보안 관련 종사원,RECURRING_FACILITY_SERVICE,RECURRING_SERVICE,B,계약·현장·인력가동률·갱신 기반 서비스로 적용 가능
5,미용·여행·숙박·음식·경비·청소직,54,경호·경비직,542,경비원,5420,경비원(건물 관리원),9421,건물 관리원,RECURRING_FACILITY_SERVICE,RECURRING_SERVICE,B,계약·현장·인력가동률·갱신 기반 서비스로 적용 가능
5,미용·여행·숙박·음식·경비·청소직,55,돌봄 서비스직(간병·육아),550,돌봄 서비스 종사자,5501,요양 보호사 및 간병인,4211,돌봄 서비스 종사원,RECURRING_CARE_SERVICE,RECURRING_SERVICE,B,정기 방문·시간 슬롯·재계약 구조로 적용 가능
5,미용·여행·숙박·음식·경비·청소직,55,돌봄 서비스직(간병·육아),550,돌봄 서비스 종사자,5502,육아 도우미,9512,육아 도우미,RECURRING_CARE_SERVICE,RECURRING_SERVICE,B,정기 방문·시간 슬롯·재계약 구조로 적용 가능
5,미용·여행·숙박·음식·경비·청소직,56,청소 및 기타 개인서비스직,561,청소·방역 및 가사 서비스원,5611,청소원,9411,청소원,FIELD_HOME_SERVICE,FIELD_SERVICE,B,예약/방문·반복 이용·작업건 단위로 적용 가능
5,미용·여행·숙박·음식·경비·청소직,56,청소 및 기타 개인서비스직,561,청소·방역 및 가사 서비스원,5612,환경미화원 및 재활용품 수거원,9412,환경미화원 및 재활용품 수거원,NONCOMMERCIAL_OR_PUBLIC_ROLE,NONCOMMERCIAL_PUBLIC,D,공공·고용 역할 성격이 강해 사업 업종으로 직접 매핑하지 않음
5,미용·여행·숙박·음식·경비·청소직,56,청소 및 기타 개인서비스직,561,청소·방역 및 가사 서비스원,5613,배관 세정원 및 방역원,7991,배관 세정원 및 방역원,FIELD_HOME_SERVICE,FIELD_SERVICE,B,예약/방문·반복 이용·작업건 단위로 적용 가능
5,미용·여행·숙박·음식·경비·청소직,56,청소 및 기타 개인서비스직,561,청소·방역 및 가사 서비스원,5614,구두 미화원,9991,구두 미화원,FIELD_HOME_SERVICE,FIELD_SERVICE,B,예약/방문·반복 이용·작업건 단위로 적용 가능
5,미용·여행·숙박·음식·경비·청소직,56,청소 및 기타 개인서비스직,561,청소·방역 및 가사 서비스원,5615,세탁원(다림질원),9992,세탁원 및 다림질원,FIELD_HOME_SERVICE,FIELD_SERVICE,B,예약/방문·반복 이용·작업건 단위로 적용 가능
5,미용·여행·숙박·음식·경비·청소직,56,청소 및 기타 개인서비스직,561,청소·방역 및 가사 서비스원,5616,가사 도우미,9511,가사 도우미,FIELD_HOME_SERVICE,FIELD_SERVICE,B,예약/방문·반복 이용·작업건 단위로 적용 가능
5,미용·여행·숙박·음식·경비·청소직,56,청소 및 기타 개인서비스직,562,검침·주차관리 및 기타 서비스 단순 종사자,5621,계기 검침원 및 가스 점검원,9921,계기 검침원 및 가스 점검원,NONCOMMERCIAL_OR_PUBLIC_ROLE,NONCOMMERCIAL_PUBLIC,D,공공·고용 역할 성격이 강해 사업 업종으로 직접 매핑하지 않음
5,미용·여행·숙박·음식·경비·청소직,56,청소 및 기타 개인서비스직,562,검침·주차관리 및 기타 서비스 단순 종사자,5622,자동판매기 관리원,9922,자동판매기 관리원,FIELD_HOME_SERVICE,FIELD_SERVICE,B,예약/방문·반복 이용·작업건 단위로 적용 가능
5,미용·여행·숙박·음식·경비·청소직,56,청소 및 기타 개인서비스직,562,검침·주차관리 및 기타 서비스 단순 종사자,5623,주차 관리·안내원,9923,주차 관리원 및 안내원,NONCOMMERCIAL_OR_PUBLIC_ROLE,NONCOMMERCIAL_PUBLIC,D,공공·고용 역할 성격이 강해 사업 업종으로 직접 매핑하지 않음
5,미용·여행·숙박·음식·경비·청소직,56,청소 및 기타 개인서비스직,562,검침·주차관리 및 기타 서비스 단순 종사자,5624,검표원,9422,검표원,NONCOMMERCIAL_OR_PUBLIC_ROLE,NONCOMMERCIAL_PUBLIC,D,공공·고용 역할 성격이 강해 사업 업종으로 직접 매핑하지 않음
5,미용·여행·숙박·음식·경비·청소직,56,청소 및 기타 개인서비스직,562,검침·주차관리 및 기타 서비스 단순 종사자,5629,기타 서비스 단순 종사원,9999,기타 서비스 관련 단순 종사원,EMPLOYMENT_SUPPORT_ROLE,EMPLOYMENT_SUPPORT,D,공공·시설 고용 직무 성격이 강하거나 직접 사업 매핑이 약함
6,영업·판매·운전·운송직,61,영업·판매직,611,부동산 컨설턴트 및 중개인,6110,부동산 컨설턴트 및 중개인,2745,부동산 컨설턴트 및 중개사,LEAD_PROFESSIONAL_SERVICE,LEAD_SERVICE,B,문의→상담→계약 전환 구조로 적용 가능
6,영업·판매·운전·운송직,61,영업·판매직,612,영업원 및 상품중개인,6121,기술 영업원,2743,기술 영업원,LEAD_SALES,LEAD_SERVICE,B,리드→상담→계약/구매 전환 분석으로 확장 가능
6,영업·판매·운전·운송직,61,영업·판매직,612,영업원 및 상품중개인,6122,해외 영업원,2742,해외 영업원,LEAD_SALES,LEAD_SERVICE,B,리드→상담→계약/구매 전환 분석으로 확장 가능
6,영업·판매·운전·운송직,61,영업·판매직,612,영업원 및 상품중개인,6123,자동차 영업원,5101,자동차 영업원,LEAD_SALES,LEAD_SERVICE,B,리드→상담→계약/구매 전환 분석으로 확장 가능
6,영업·판매·운전·운송직,61,영업·판매직,612,영업원 및 상품중개인,6124,제품·광고 영업원,5102,제품및광고영업원,LEAD_SALES,LEAD_SERVICE,B,리드→상담→계약/구매 전환 분석으로 확장 가능
6,영업·판매·운전·운송직,61,영업·판매직,612,영업원 및 상품중개인,6125,상품 중개인 및 경매사,2744,상품 중개인 및 경매사,LEAD_SALES,LEAD_SERVICE,B,리드→상담→계약/구매 전환 분석으로 확장 가능
6,영업·판매·운전·운송직,61,영업·판매직,612,영업원 및 상품중개인,6129,기타 기술 영업·중개 종사원,2749,기타 기술 영업 및 중개 관련 종사원,LEAD_SALES,LEAD_SERVICE,B,리드→상담→계약/구매 전환 분석으로 확장 가능
6,영업·판매·운전·운송직,61,영업·판매직,613,텔레마케터,6130,텔레마케터,5313,텔레마케터,LEAD_SALES,LEAD_SERVICE,B,리드→상담→계약/구매 전환 분석으로 확장 가능
6,영업·판매·운전·운송직,61,영업·판매직,614,소규모 상점 경영 및 일선 관리 종사자,6140,소규모 상점 경영 및 일선 관리 종사원,5211,소규모 상점 경영 및 일선 관리 종사원,RETAIL_COMMERCE,WALKIN_COMMERCE,B,시간대·상품·재구매·객단가 분석으로 적용 가능
6,영업·판매·운전·운송직,61,영업·판매직,615,판매 종사자,6151,상점 판매원,5212,상점 판매원,RETAIL_COMMERCE,WALKIN_COMMERCE,B,시간대·상품·재구매·객단가 분석으로 적용 가능
6,영업·판매·운전·운송직,61,영업·판매직,615,판매 종사자,6152,통신 기기·서비스 판매원,5311,단말기 및 통신 서비스 판매원,RETAIL_COMMERCE,WALKIN_COMMERCE,B,시간대·상품·재구매·객단가 분석으로 적용 가능
6,영업·판매·운전·운송직,61,영업·판매직,615,판매 종사자,6153,온라인 판매원,5312,온라인쇼핑판매원,RETAIL_COMMERCE,WALKIN_COMMERCE,B,시간대·상품·재구매·객단가 분석으로 적용 가능
6,영업·판매·운전·운송직,61,영업·판매직,615,판매 종사자,6154,상품 대여원,5220,상품 대여원,RETAIL_COMMERCE,WALKIN_COMMERCE,B,시간대·상품·재구매·객단가 분석으로 적용 가능
6,영업·판매·운전·운송직,61,영업·판매직,615,판매 종사자,6155,노점 및 이동 판매원,5322,노점 및 이동 판매원,RETAIL_COMMERCE,WALKIN_COMMERCE,B,시간대·상품·재구매·객단가 분석으로 적용 가능
6,영업·판매·운전·운송직,61,영업·판매직,615,판매 종사자,6156,방문 판매원,5321,방문 판매원,RETAIL_COMMERCE,WALKIN_COMMERCE,B,시간대·상품·재구매·객단가 분석으로 적용 가능
6,영업·판매·운전·운송직,61,영업·판매직,615,판매 종사자,6157,주유원(가스충전원),9531,주유원,RETAIL_COMMERCE,WALKIN_COMMERCE,B,시간대·상품·재구매·객단가 분석으로 적용 가능
6,영업·판매·운전·운송직,61,영업·판매직,616,매장 계산원 및 매표원,6161,매장 계산원 및 요금 정산원,5214,매장 계산원 및 요금 정산원,RETAIL_COMMERCE,WALKIN_COMMERCE,B,시간대·상품·재구매·객단가 분석으로 적용 가능
6,영업·판매·운전·운송직,61,영업·판매직,616,매장 계산원 및 매표원,6162,매표원 및 복권 판매원,5213,매표원 및 복권 판매원,RETAIL_COMMERCE,WALKIN_COMMERCE,B,시간대·상품·재구매·객단가 분석으로 적용 가능
6,영업·판매·운전·운송직,61,영업·판매직,617,판촉 및 기타 판매 단순 종사자,6171,홍보 도우미 및 판촉원,5323,홍보 도우미 및 판촉원,EMPLOYMENT_SUPPORT_ROLE,EMPLOYMENT_SUPPORT,C,판매 활동 데이터에는 포함되나 직무 자체는 업종과 다름
6,영업·판매·운전·운송직,61,영업·판매직,617,판촉 및 기타 판매 단순 종사자,6179,기타 판매 단순 종사원,9539,기타 판매 관련 단순 종사원,EMPLOYMENT_SUPPORT_ROLE,EMPLOYMENT_SUPPORT,C,판매 활동 데이터에는 포함되나 직무 자체는 업종과 다름
6,영업·판매·운전·운송직,62,운전·운송직,621,항공기·선박·철도 조종사 및 관제사,6211,항공기 조종사,2381,항공기 조종사,TRANSPORT_DELIVERY,TRANSPORT_LOGISTICS,C,운항·운송 사업으로 가능하나 인허가·기업형 운영 제약 큼
6,영업·판매·운전·운송직,62,운전·운송직,621,항공기·선박·철도 조종사 및 관제사,6212,"선장, 항해사 및 도선사",2382,선장·항해사 및 도선사,TRANSPORT_DELIVERY,TRANSPORT_LOGISTICS,C,운항·운송 사업으로 가능하나 인허가·기업형 운영 제약 큼
6,영업·판매·운전·운송직,62,운전·운송직,621,항공기·선박·철도 조종사 및 관제사,6213,철도·전동차 기관사,8710,철도 및 전동차 기관사,EMPLOYMENT_SUPPORT_ROLE,EMPLOYMENT_SUPPORT,D,대중교통·기관 고용 직무 성격이 강함
6,영업·판매·운전·운송직,62,운전·운송직,621,항공기·선박·철도 조종사 및 관제사,6214,관제사,2383,관제사,EMPLOYMENT_SUPPORT_ROLE,EMPLOYMENT_SUPPORT,D,대중교통·기관 고용 직무 성격이 강함
6,영업·판매·운전·운송직,62,운전·운송직,621,항공기·선박·철도 조종사 및 관제사,6219,기타 철도운송 종사원,8720,철도운송 관련 종사원,EMPLOYMENT_SUPPORT_ROLE,EMPLOYMENT_SUPPORT,D,대중교통·기관 고용 직무 성격이 강함
6,영업·판매·운전·운송직,62,운전·운송직,622,자동차 운전원,6221,택시 운전원,8731,택시 운전원,TRANSPORT_DELIVERY,TRANSPORT_LOGISTICS,B,운행/배달 건·시간대 수요·재구매 분석으로 확장 가능
6,영업·판매·운전·운송직,62,운전·운송직,622,자동차 운전원,6222,버스 운전원,8732,버스 운전원,EMPLOYMENT_SUPPORT_ROLE,EMPLOYMENT_SUPPORT,D,대중교통·기관 고용 직무 성격이 강함
6,영업·판매·운전·운송직,62,운전·운송직,622,자동차 운전원,6223,화물차·특수차 운전원,8733,화물차및특수차운전원,TRANSPORT_DELIVERY,TRANSPORT_LOGISTICS,B,운행/배달 건·시간대 수요·재구매 분석으로 확장 가능
6,영업·판매·운전·운송직,62,운전·운송직,622,자동차 운전원,6229,기타 자동차 운전원,8739,기타 자동차 운전원,TRANSPORT_DELIVERY,TRANSPORT_LOGISTICS,B,운행/배달 건·시간대 수요·재구매 분석으로 확장 가능
6,영업·판매·운전·운송직,62,운전·운송직,623,물품이동장비 조작원(크레인·호이스트·지게차),6230,물품이동장비 조작원(크레인·호이스트·지게차),8740,물품 이동 장비 조작원,EMPLOYMENT_SUPPORT_ROLE,EMPLOYMENT_SUPPORT,D,대중교통·기관 고용 직무 성격이 강함
6,영업·판매·운전·운송직,62,운전·운송직,624,택배원 및 기타 운송 종사자,6241,택배원,9222,택배원,TRANSPORT_DELIVERY,TRANSPORT_LOGISTICS,B,운행/배달 건·시간대 수요·재구매 분석으로 확장 가능
6,영업·판매·운전·운송직,62,운전·운송직,624,택배원 및 기타 운송 종사자,6242,우편물 집배원,9221,우편집배원,NONCOMMERCIAL_OR_PUBLIC_ROLE,NONCOMMERCIAL_PUBLIC,D,공공·고용 역할 성격이 강해 사업 업종으로 직접 매핑하지 않음
6,영업·판매·운전·운송직,62,운전·운송직,624,택배원 및 기타 운송 종사자,6243,선박승무원 및 관련 종사원(선박객실 승무원 제외),8760,선박승무원및관련종사원,EMPLOYMENT_SUPPORT_ROLE,EMPLOYMENT_SUPPORT,D,대중교통·기관 고용 직무 성격이 강함
6,영업·판매·운전·운송직,62,운전·운송직,624,택배원 및 기타 운송 종사자,6244,하역·적재 종사원,9210,하역 및 적재 단순 종사원,EMPLOYMENT_SUPPORT_ROLE,EMPLOYMENT_SUPPORT,D,대중교통·기관 고용 직무 성격이 강함
6,영업·판매·운전·운송직,62,운전·운송직,624,택배원 및 기타 운송 종사자,6249,기타 배달원,9229,기타 배달원,TRANSPORT_DELIVERY,TRANSPORT_LOGISTICS,B,운행/배달 건·시간대 수요·재구매 분석으로 확장 가능
7,건설·채굴직,70,건설·채굴직,701,건설구조 기능원,7011,강구조물 가공원 및 건립원,7811,강구조물가공원및건립원,CONSTRUCTION_PROJECT,PROJECT_SERVICE,B,견적·현장·공정·재의뢰 기반 프로젝트 서비스로 적용 가능
7,건설·채굴직,70,건설·채굴직,701,건설구조 기능원,7012,경량철골공,7812,경량 철골공,CONSTRUCTION_PROJECT,PROJECT_SERVICE,B,견적·현장·공정·재의뢰 기반 프로젝트 서비스로 적용 가능
7,건설·채굴직,70,건설·채굴직,701,건설구조 기능원,7013,철근공,7821,철근공,CONSTRUCTION_PROJECT,PROJECT_SERVICE,B,견적·현장·공정·재의뢰 기반 프로젝트 서비스로 적용 가능
7,건설·채굴직,70,건설·채굴직,701,건설구조 기능원,7014,콘크리트공,7822,콘크리트공,CONSTRUCTION_PROJECT,PROJECT_SERVICE,B,견적·현장·공정·재의뢰 기반 프로젝트 서비스로 적용 가능
7,건설·채굴직,70,건설·채굴직,701,건설구조 기능원,7015,건축 석공,7823,건축 석공,CONSTRUCTION_PROJECT,PROJECT_SERVICE,B,견적·현장·공정·재의뢰 기반 프로젝트 서비스로 적용 가능
7,건설·채굴직,70,건설·채굴직,701,건설구조 기능원,7016,건축 목공,7824,건축 목공,CONSTRUCTION_PROJECT,PROJECT_SERVICE,B,견적·현장·공정·재의뢰 기반 프로젝트 서비스로 적용 가능
7,건설·채굴직,70,건설·채굴직,701,건설구조 기능원,7017,조적공 및 석재부설원,7825,조적공 및 석재 부설원,CONSTRUCTION_PROJECT,PROJECT_SERVICE,B,견적·현장·공정·재의뢰 기반 프로젝트 서비스로 적용 가능
7,건설·채굴직,70,건설·채굴직,701,건설구조 기능원,7019,기타 건설 구조 기능원,7829,기타 건설 관련 기능 종사원,CONSTRUCTION_PROJECT,PROJECT_SERVICE,B,견적·현장·공정·재의뢰 기반 프로젝트 서비스로 적용 가능
7,건설·채굴직,70,건설·채굴직,702,건축마감 기능원,7021,미장공,7831,미장공,CONSTRUCTION_PROJECT,PROJECT_SERVICE,B,견적·현장·공정·재의뢰 기반 프로젝트 서비스로 적용 가능
7,건설·채굴직,70,건설·채굴직,702,건축마감 기능원,7022,방수공,7832,방수공,CONSTRUCTION_PROJECT,PROJECT_SERVICE,B,견적·현장·공정·재의뢰 기반 프로젝트 서비스로 적용 가능
7,건설·채굴직,70,건설·채굴직,702,건축마감 기능원,7023,단열공,7833,단열공,CONSTRUCTION_PROJECT,PROJECT_SERVICE,B,견적·현장·공정·재의뢰 기반 프로젝트 서비스로 적용 가능
7,건설·채굴직,70,건설·채굴직,702,건축마감 기능원,7024,바닥재 시공원,7834,바닥재시공원,CONSTRUCTION_PROJECT,PROJECT_SERVICE,B,견적·현장·공정·재의뢰 기반 프로젝트 서비스로 적용 가능
7,건설·채굴직,70,건설·채굴직,702,건축마감 기능원,7025,도배공 및 유리 부착원,7835,도배공 및 유리 부착원,CONSTRUCTION_PROJECT,PROJECT_SERVICE,B,견적·현장·공정·재의뢰 기반 프로젝트 서비스로 적용 가능
7,건설·채굴직,70,건설·채굴직,702,건축마감 기능원,7026,건축 도장공,7836,건축 도장공,CONSTRUCTION_PROJECT,PROJECT_SERVICE,B,견적·현장·공정·재의뢰 기반 프로젝트 서비스로 적용 가능
7,건설·채굴직,70,건설·채굴직,702,건축마감 기능원,7027,새시 조립·설치원,7837,새시 조립 및 설치원,CONSTRUCTION_PROJECT,PROJECT_SERVICE,B,견적·현장·공정·재의뢰 기반 프로젝트 서비스로 적용 가능
7,건설·채굴직,70,건설·채굴직,702,건축마감 기능원,7029,기타 건축 마감 기능원,7839,기타 건축 마감 관련 기능 종사원,CONSTRUCTION_PROJECT,PROJECT_SERVICE,B,견적·현장·공정·재의뢰 기반 프로젝트 서비스로 적용 가능
7,건설·채굴직,70,건설·채굴직,703,배관공,7031,건설 배관공,7921,건설 배관공,CONSTRUCTION_PROJECT,PROJECT_SERVICE,B,견적·현장·공정·재의뢰 기반 프로젝트 서비스로 적용 가능
7,건설·채굴직,70,건설·채굴직,703,배관공,7032,공업 배관공,7922,공업 배관공,CONSTRUCTION_PROJECT,PROJECT_SERVICE,B,견적·현장·공정·재의뢰 기반 프로젝트 서비스로 적용 가능
7,건설·채굴직,70,건설·채굴직,703,배관공,7039,기타 배관공,7929,기타 배관공,CONSTRUCTION_PROJECT,PROJECT_SERVICE,B,견적·현장·공정·재의뢰 기반 프로젝트 서비스로 적용 가능
7,건설·채굴직,70,건설·채굴직,704,건설·채굴 기계 운전원,7040,건설·채굴 기계 운전원,8750,건설 및 채굴기계 운전원,FIELD_EQUIPMENT_SERVICE,FIELD_SERVICE,C,장비 임대/작업건 사업으로 확장 가능하나 직무 확인 필요
7,건설·채굴직,70,건설·채굴직,705,기타 건설 기능원(채굴포함),7051,"광원, 채석원 및 석재 절단원",7841,광원·채석원 및 석재 절단원,PRODUCTION_OR_RESOURCE,MANUFACTURING_PRODUCTION,C,채굴·토목 생산/프로젝트형으로 별도 모델 필요
7,건설·채굴직,70,건설·채굴직,705,기타 건설 기능원(채굴포함),7052,철로 설치·보수원,7842,철로 설치 및 보수원,PRODUCTION_OR_RESOURCE,MANUFACTURING_PRODUCTION,C,채굴·토목 생산/프로젝트형으로 별도 모델 필요
7,건설·채굴직,70,건설·채굴직,705,기타 건설 기능원(채굴포함),7059,기타 채굴·토목 종사원,7849,기타 채굴 및 토목 관련 종사원,PRODUCTION_OR_RESOURCE,MANUFACTURING_PRODUCTION,C,채굴·토목 생산/프로젝트형으로 별도 모델 필요
7,건설·채굴직,70,건설·채굴직,706,건설·채굴 단순 종사자,7060,건설·채굴 단순 종사원,9100,건설 및 광업 단순 종사원,EMPLOYMENT_SUPPORT_ROLE,EMPLOYMENT_SUPPORT,D,단순 종사 직무 자체는 사업 업종으로 직접 매핑하기 어려움
8,설치·정비·생산직,81,기계 설치·정비·생산직,811,기계장비 설치·정비원(운송장비 제외),8111,공업기계 설치·정비원,7531,공업기계 설치 및 정비원,FIELD_MAINTENANCE,FIELD_SERVICE,B,작업예약·수리건·재방문·부품매출 구조로 적용 가능
8,설치·정비·생산직,81,기계 설치·정비·생산직,811,기계장비 설치·정비원(운송장비 제외),8112,승강기 설치·정비원,7532,승강기 설치 및 정비원,FIELD_MAINTENANCE,FIELD_SERVICE,B,작업예약·수리건·재방문·부품매출 구조로 적용 가능
8,설치·정비·생산직,81,기계 설치·정비·생산직,811,기계장비 설치·정비원(운송장비 제외),8113,물품이동장비 설치·정비원,7533,물품 이동 장비 설치 및 정비원,FIELD_MAINTENANCE,FIELD_SERVICE,B,작업예약·수리건·재방문·부품매출 구조로 적용 가능
8,설치·정비·생산직,81,기계 설치·정비·생산직,811,기계장비 설치·정비원(운송장비 제외),8114,냉동·냉장·공조기 설치·정비원,7534,냉동·냉장·공조기 설치 및 정비원,FIELD_MAINTENANCE,FIELD_SERVICE,B,작업예약·수리건·재방문·부품매출 구조로 적용 가능
8,설치·정비·생산직,81,기계 설치·정비·생산직,811,기계장비 설치·정비원(운송장비 제외),8115,보일러 설치·정비원,7535,보일러 설치 및 정비원,FIELD_MAINTENANCE,FIELD_SERVICE,B,작업예약·수리건·재방문·부품매출 구조로 적용 가능
8,설치·정비·생산직,81,기계 설치·정비·생산직,811,기계장비 설치·정비원(운송장비 제외),8116,건설·광업 기계 설치·정비원,7536,건설 및 광업기계 설치 및 정비원,FIELD_MAINTENANCE,FIELD_SERVICE,B,작업예약·수리건·재방문·부품매출 구조로 적용 가능
8,설치·정비·생산직,81,기계 설치·정비·생산직,811,기계장비 설치·정비원(운송장비 제외),8119,농업용 및 기타 기계장비 설치·정비원,7539,농업용 및 기타 기계장비 설치 및 정비원,FIELD_MAINTENANCE,FIELD_SERVICE,B,작업예약·수리건·재방문·부품매출 구조로 적용 가능
8,설치·정비·생산직,81,기계 설치·정비·생산직,812,운송장비 정비원,8121,항공기 정비원,7521,항공기 정비원,FIELD_MAINTENANCE,FIELD_SERVICE,B,작업예약·수리건·재방문·부품매출 구조로 적용 가능
8,설치·정비·생산직,81,기계 설치·정비·생산직,812,운송장비 정비원,8122,선박 정비원,7522,선박 정비원,FIELD_MAINTENANCE,FIELD_SERVICE,B,작업예약·수리건·재방문·부품매출 구조로 적용 가능
8,설치·정비·생산직,81,기계 설치·정비·생산직,812,운송장비 정비원,8123,철도기관차·전동차 정비원,7523,철도 기관차 및 전동차 정비원,FIELD_MAINTENANCE,FIELD_SERVICE,B,작업예약·수리건·재방문·부품매출 구조로 적용 가능
8,설치·정비·생산직,81,기계 설치·정비·생산직,812,운송장비 정비원,8124,자동차 정비원,7510,자동차 정비원,FIELD_MAINTENANCE,FIELD_SERVICE,B,작업예약·수리건·재방문·부품매출 구조로 적용 가능
8,설치·정비·생산직,81,기계 설치·정비·생산직,812,운송장비 정비원,8129,기타 운송장비 정비원,7529,기타 운송장비 정비원,FIELD_MAINTENANCE,FIELD_SERVICE,B,작업예약·수리건·재방문·부품매출 구조로 적용 가능
8,설치·정비·생산직,81,기계 설치·정비·생산직,813,금형원 및 공작기계 조작원,8131,금형원,7411,금형원,MANUFACTURING_PRODUCTION,MANUFACTURING_PRODUCTION,C,생산 capacity·주문·재고 중심 Detector가 필요
8,설치·정비·생산직,81,기계 설치·정비·생산직,813,금형원 및 공작기계 조작원,8132,금속 공작기계 조작원,8510,금속 공작 기계 조작원,MANUFACTURING_PRODUCTION,MANUFACTURING_PRODUCTION,C,생산 capacity·주문·재고 중심 Detector가 필요
8,설치·정비·생산직,81,기계 설치·정비·생산직,814,냉·난방 설비 조작원,8140,냉·난방 설비 조작원,8520,냉난방 관련 설비 조작원,MANUFACTURING_PRODUCTION,MANUFACTURING_PRODUCTION,C,생산 capacity·주문·재고 중심 Detector가 필요
8,설치·정비·생산직,81,기계 설치·정비·생산직,815,자동조립라인·산업용로봇 조작원,8150,자동조립라인·산업용로봇 조작원,8530,자동 조립라인 및 산업용로봇 조작원,MANUFACTURING_PRODUCTION,MANUFACTURING_PRODUCTION,C,생산 capacity·주문·재고 중심 Detector가 필요
8,설치·정비·생산직,81,기계 설치·정비·생산직,816,기계 조립원(운송장비 제외),8161,일반기계 조립원,8544,일반기계 조립원,MANUFACTURING_PRODUCTION,MANUFACTURING_PRODUCTION,C,생산 capacity·주문·재고 중심 Detector가 필요
8,설치·정비·생산직,81,기계 설치·정비·생산직,816,기계 조립원(운송장비 제외),8162,금속기계부품 조립원,8550,금속기계 부품 조립원,MANUFACTURING_PRODUCTION,MANUFACTURING_PRODUCTION,C,생산 capacity·주문·재고 중심 Detector가 필요
8,설치·정비·생산직,81,기계 설치·정비·생산직,817,운송장비 조립원,8171,자동차 조립원,8541,자동차 조립원,MANUFACTURING_PRODUCTION,MANUFACTURING_PRODUCTION,C,생산 capacity·주문·재고 중심 Detector가 필요
8,설치·정비·생산직,81,기계 설치·정비·생산직,817,운송장비 조립원,8172,자동차 부분품 조립원,8542,자동차 부품 조립원,MANUFACTURING_PRODUCTION,MANUFACTURING_PRODUCTION,C,생산 capacity·주문·재고 중심 Detector가 필요
8,설치·정비·생산직,81,기계 설치·정비·생산직,817,운송장비 조립원,8173,운송장비 조립원,8543,운송장비조립원,MANUFACTURING_PRODUCTION,MANUFACTURING_PRODUCTION,C,생산 capacity·주문·재고 중심 Detector가 필요
8,설치·정비·생산직,82,금속·재료 설치·정비·생산직(판금·단조·주조·용접·도장 등),821,금속관련 기계·설비 조작원,8211,금속가공 제어장치 조작원,8414,금속가공 관련 제어 장치 조작원,MANUFACTURING_PRODUCTION,MANUFACTURING_PRODUCTION,C,생산·가동률·수주·재고 중심 Detector가 필요
8,설치·정비·생산직,82,금속·재료 설치·정비·생산직(판금·단조·주조·용접·도장 등),821,금속관련 기계·설비 조작원,8212,금속가공 기계 조작원,8415,금속가공 기계 조작원,MANUFACTURING_PRODUCTION,MANUFACTURING_PRODUCTION,C,생산·가동률·수주·재고 중심 Detector가 필요
8,설치·정비·생산직,82,금속·재료 설치·정비·생산직(판금·단조·주조·용접·도장 등),822,판금원 및 제관원,8221,판금원,7422,판금원,MANUFACTURING_PRODUCTION,MANUFACTURING_PRODUCTION,C,생산·가동률·수주·재고 중심 Detector가 필요
8,설치·정비·생산직,82,금속·재료 설치·정비·생산직(판금·단조·주조·용접·도장 등),822,판금원 및 제관원,8222,판금기조작원,8417,판금기 조작원,MANUFACTURING_PRODUCTION,MANUFACTURING_PRODUCTION,C,생산·가동률·수주·재고 중심 Detector가 필요
8,설치·정비·생산직,82,금속·재료 설치·정비·생산직(판금·단조·주조·용접·도장 등),822,판금원 및 제관원,8223,제관원,7421,제관원,MANUFACTURING_PRODUCTION,MANUFACTURING_PRODUCTION,C,생산·가동률·수주·재고 중심 Detector가 필요
8,설치·정비·생산직,82,금속·재료 설치·정비·생산직(판금·단조·주조·용접·도장 등),822,판금원 및 제관원,8224,제관기조작원,8416,제관기 조작원,MANUFACTURING_PRODUCTION,MANUFACTURING_PRODUCTION,C,생산·가동률·수주·재고 중심 Detector가 필요
8,설치·정비·생산직,82,금속·재료 설치·정비·생산직(판금·단조·주조·용접·도장 등),823,단조원 및 주조원,8231,단조원,7413,단조원,MANUFACTURING_PRODUCTION,MANUFACTURING_PRODUCTION,C,생산·가동률·수주·재고 중심 Detector가 필요
8,설치·정비·생산직,82,금속·재료 설치·정비·생산직(판금·단조·주조·용접·도장 등),823,단조원 및 주조원,8232,단조기조작원,8412,단조기 조작원,MANUFACTURING_PRODUCTION,MANUFACTURING_PRODUCTION,C,생산·가동률·수주·재고 중심 Detector가 필요
8,설치·정비·생산직,82,금속·재료 설치·정비·생산직(판금·단조·주조·용접·도장 등),823,단조원 및 주조원,8233,주조원,7412,주조원,MANUFACTURING_PRODUCTION,MANUFACTURING_PRODUCTION,C,생산·가동률·수주·재고 중심 Detector가 필요
8,설치·정비·생산직,82,금속·재료 설치·정비·생산직(판금·단조·주조·용접·도장 등),823,단조원 및 주조원,8234,주조기조작원,8411,주조기 조작원,MANUFACTURING_PRODUCTION,MANUFACTURING_PRODUCTION,C,생산·가동률·수주·재고 중심 Detector가 필요
8,설치·정비·생산직,82,금속·재료 설치·정비·생산직(판금·단조·주조·용접·도장 등),824,용접원,8241,용접원,7430,용접원,MANUFACTURING_PRODUCTION,MANUFACTURING_PRODUCTION,C,생산·가동률·수주·재고 중심 Detector가 필요
8,설치·정비·생산직,82,금속·재료 설치·정비·생산직(판금·단조·주조·용접·도장 등),824,용접원,8242,용접기조작원,8413,용접기 조작원,MANUFACTURING_PRODUCTION,MANUFACTURING_PRODUCTION,C,생산·가동률·수주·재고 중심 Detector가 필요
8,설치·정비·생산직,82,금속·재료 설치·정비·생산직(판금·단조·주조·용접·도장 등),825,도장원 및 도금원,8251,도장원(도장기조작원),8421,도장기 조작원,MANUFACTURING_PRODUCTION,MANUFACTURING_PRODUCTION,C,생산·가동률·수주·재고 중심 Detector가 필요
8,설치·정비·생산직,82,금속·재료 설치·정비·생산직(판금·단조·주조·용접·도장 등),825,도장원 및 도금원,8252,도금·금속분무기 조작원,8422,도금 및 금속 분무기 조작원,MANUFACTURING_PRODUCTION,MANUFACTURING_PRODUCTION,C,생산·가동률·수주·재고 중심 Detector가 필요
8,설치·정비·생산직,82,금속·재료 설치·정비·생산직(판금·단조·주조·용접·도장 등),826,비금속제품 생산기계 조작원,8261,유리·유리제품 생산기계 조작원,8431,유리 제조 및 가공기 조작원,MANUFACTURING_PRODUCTION,MANUFACTURING_PRODUCTION,C,생산·가동률·수주·재고 중심 Detector가 필요
8,설치·정비·생산직,86,섬유·의복 생산직,862,"패턴사, 재단사 및 재봉사",8623,재봉사,7213,재봉사,MANUFACTURING_OR_CUSTOM_PRODUCTION,MANUFACTURING_PRODUCTION,C,"맞춤제작·수선은 서비스형, 대량생산은 생산형으로 추가 구분 필요"
8,설치·정비·생산직,82,금속·재료 설치·정비·생산직(판금·단조·주조·용접·도장 등),826,비금속제품 생산기계 조작원,8262,점토제품 생산기계 조작원,8432,점토제품 생산기 조작원,MANUFACTURING_PRODUCTION,MANUFACTURING_PRODUCTION,C,생산·가동률·수주·재고 중심 Detector가 필요
8,설치·정비·생산직,82,금속·재료 설치·정비·생산직(판금·단조·주조·용접·도장 등),826,비금속제품 생산기계 조작원,8263,시멘트·광물제품 생산기계 조작원,8433,시멘트 및 광물제품 제조기 조작원,MANUFACTURING_PRODUCTION,MANUFACTURING_PRODUCTION,C,생산·가동률·수주·재고 중심 Detector가 필요
8,설치·정비·생산직,82,금속·재료 설치·정비·생산직(판금·단조·주조·용접·도장 등),826,비금속제품 생산기계 조작원,8264,광석·석제품 생산기계 조작원,8434,광석 및 석제품 가공기 조작원,MANUFACTURING_PRODUCTION,MANUFACTURING_PRODUCTION,C,생산·가동률·수주·재고 중심 Detector가 필요
8,설치·정비·생산직,82,금속·재료 설치·정비·생산직(판금·단조·주조·용접·도장 등),826,비금속제품 생산기계 조작원,8269,기타 비금속제품 생산기계 조작원,8439,기타 비금속제품 관련 생산기 조작원,MANUFACTURING_PRODUCTION,MANUFACTURING_PRODUCTION,C,생산·가동률·수주·재고 중심 Detector가 필요
8,설치·정비·생산직,83,전기·전자 설치·정비·생산직,831,전기공,8311,산업 전기공,7621,산업 전기공,FIELD_MAINTENANCE,FIELD_SERVICE,B,설치·수리 작업건·재방문 구조로 적용 가능
8,설치·정비·생산직,83,전기·전자 설치·정비·생산직,831,전기공,8312,내선 전기공,7622,내선 전기공,FIELD_MAINTENANCE,FIELD_SERVICE,B,설치·수리 작업건·재방문 구조로 적용 가능
8,설치·정비·생산직,83,전기·전자 설치·정비·생산직,831,전기공,8313,외선 전기공,7623,외선 전기공,FIELD_MAINTENANCE,FIELD_SERVICE,B,설치·수리 작업건·재방문 구조로 적용 가능
8,설치·정비·생산직,83,전기·전자 설치·정비·생산직,832,전기·전자 기기 설치·수리원,8321,사무용 전자기기 설치·수리원,7611,사무용 전자기기 설치 및 수리원,FIELD_MAINTENANCE,FIELD_SERVICE,B,설치·수리 작업건·재방문 구조로 적용 가능
8,설치·정비·생산직,83,전기·전자 설치·정비·생산직,832,전기·전자 기기 설치·수리원,8322,가전제품 설치·수리원,7612,가전제품 설치 및 수리원,FIELD_MAINTENANCE,FIELD_SERVICE,B,설치·수리 작업건·재방문 구조로 적용 가능
8,설치·정비·생산직,83,전기·전자 설치·정비·생산직,832,전기·전자 기기 설치·수리원,8329,기타 전기·전자 기기 설치·수리원,7619,기타 전기·전자기기 설치 및 수리원,FIELD_MAINTENANCE,FIELD_SERVICE,B,설치·수리 작업건·재방문 구조로 적용 가능
8,설치·정비·생산직,83,전기·전자 설치·정비·생산직,833,발전·배전 장치 조작원,8330,발전·배전 장치 조작원,8610,발전 및 배전장치 조작원,MANUFACTURING_PRODUCTION,MANUFACTURING_PRODUCTION,C,설비/생산 운영형 Detector가 필요
8,설치·정비·생산직,83,전기·전자 설치·정비·생산직,834,전기·전자 설비 조작원,8340,전기·전자 설비 조작원,8620,전기 및 전자설비 조작원,MANUFACTURING_PRODUCTION,MANUFACTURING_PRODUCTION,C,설비/생산 운영형 Detector가 필요
8,설치·정비·생산직,83,전기·전자 설치·정비·생산직,835,전기·전자 부품·제품 생산기계 조작원,8351,전기 부품·제품 생산기계 조작원,8631,전기 부품 및 제품 제조 기계 조작원,MANUFACTURING_PRODUCTION,MANUFACTURING_PRODUCTION,C,설비/생산 운영형 Detector가 필요
8,설치·정비·생산직,83,전기·전자 설치·정비·생산직,835,전기·전자 부품·제품 생산기계 조작원,8352,전자 부품·제품 생산기계 조작원,8632,전자 부품 및 제품 제조 기계 조작원,MANUFACTURING_PRODUCTION,MANUFACTURING_PRODUCTION,C,설비/생산 운영형 Detector가 필요
8,설치·정비·생산직,83,전기·전자 설치·정비·생산직,836,전기·전자 부품·제품 조립원,8360,전기·전자 부품·제품 조립원,8640,전기·전자 부품 및 제품 조립원,MANUFACTURING_PRODUCTION,MANUFACTURING_PRODUCTION,C,설비/생산 운영형 Detector가 필요
8,설치·정비·생산직,84,정보통신 설치·정비직,841,정보통신기기 설치·수리원,8411,컴퓨터 설치·수리원,7711,컴퓨터 설치 및 수리원,FIELD_MAINTENANCE,FIELD_SERVICE,B,설치·수리 작업건·고객 재의뢰 구조로 적용 가능
8,설치·정비·생산직,84,정보통신 설치·정비직,841,정보통신기기 설치·수리원,8412,이동전화기 수리원,7712,이동전화기 수리원,FIELD_MAINTENANCE,FIELD_SERVICE,B,설치·수리 작업건·고객 재의뢰 구조로 적용 가능
8,설치·정비·생산직,84,정보통신 설치·정비직,841,정보통신기기 설치·수리원,8419,기타 정보통신기기 설치·수리원,7719,기타 정보 통신기기 설치 및 수리원,FIELD_MAINTENANCE,FIELD_SERVICE,B,설치·수리 작업건·고객 재의뢰 구조로 적용 가능
8,설치·정비·생산직,84,정보통신 설치·정비직,842,방송·통신장비 설치·정비원,8421,방송장비 설치·수리원,7721,방송 및 관련 장비 설치 및 수리원,FIELD_MAINTENANCE,FIELD_SERVICE,B,설치·수리 작업건·고객 재의뢰 구조로 적용 가능
8,설치·정비·생산직,84,정보통신 설치·정비직,842,방송·통신장비 설치·정비원,8422,통신장비 설치·수리원,7722,통신 및 관련 장비 설치 및 수리원,FIELD_MAINTENANCE,FIELD_SERVICE,B,설치·수리 작업건·고객 재의뢰 구조로 적용 가능
8,설치·정비·생산직,84,정보통신 설치·정비직,842,방송·통신장비 설치·정비원,8423,방송·통신·인터넷 케이블 설치·수리원,7723,통신·방송 및 인터넷케이블 설치 및 수리원,FIELD_MAINTENANCE,FIELD_SERVICE,B,설치·수리 작업건·고객 재의뢰 구조로 적용 가능
8,설치·정비·생산직,85,화학·환경 설치·정비·생산직,851,석유·화학물 가공장치 조작원,8511,석유·천연가스 제조 제어장치 조작원,8311,석유 및 천연가스 제조 관련 제어 장치 조작원,MANUFACTURING_PRODUCTION,MANUFACTURING_PRODUCTION,C,생산·처리량·가동률 중심 도메인 모델이 필요
8,설치·정비·생산직,85,화학·환경 설치·정비·생산직,851,석유·화학물 가공장치 조작원,8512,화학물 가공장치 조작원,8312,화학물 가공 장치 조작원,MANUFACTURING_PRODUCTION,MANUFACTURING_PRODUCTION,C,생산·처리량·가동률 중심 도메인 모델이 필요
8,설치·정비·생산직,85,화학·환경 설치·정비·생산직,851,석유·화학물 가공장치 조작원,8519,기타 석유·화학물 가공장치 조작원,8319,기타 석유 및 화학물 가공 장치 조작원,MANUFACTURING_PRODUCTION,MANUFACTURING_PRODUCTION,C,생산·처리량·가동률 중심 도메인 모델이 필요
8,설치·정비·생산직,85,화학·환경 설치·정비·생산직,852,고무·플라스틱 및 화학제품 생산기계 조작원 및 조립원,8521,타이어·고무제품 생산기계 조작원,8322,타이어 및 고무제품 생산기 조작원,MANUFACTURING_PRODUCTION,MANUFACTURING_PRODUCTION,C,생산·처리량·가동률 중심 도메인 모델이 필요
8,설치·정비·생산직,85,화학·환경 설치·정비·생산직,852,고무·플라스틱 및 화학제품 생산기계 조작원 및 조립원,8522,플라스틱제품 생산기계 조작원,8323,플라스틱제품 생산기 조작원,MANUFACTURING_PRODUCTION,MANUFACTURING_PRODUCTION,C,생산·처리량·가동률 중심 도메인 모델이 필요
8,설치·정비·생산직,85,화학·환경 설치·정비·생산직,852,고무·플라스틱 및 화학제품 생산기계 조작원 및 조립원,8523,화학제품 생산기계 조작원(고무·플라스틱 제외),8321,화학제품 생산기 조작원,MANUFACTURING_PRODUCTION,MANUFACTURING_PRODUCTION,C,생산·처리량·가동률 중심 도메인 모델이 필요
8,설치·정비·생산직,85,화학·환경 설치·정비·생산직,852,고무·플라스틱 및 화학제품 생산기계 조작원 및 조립원,8524,고무·플라스틱 제품 조립원,8324,고무 및 플라스틱제품 조립원,MANUFACTURING_PRODUCTION,MANUFACTURING_PRODUCTION,C,생산·처리량·가동률 중심 도메인 모델이 필요
8,설치·정비·생산직,85,화학·환경 설치·정비·생산직,853,환경관련 장치 조작원,8531,상·하수도 처리장치 조작원,8810,상하수도 처리 장치 조작원,MANUFACTURING_PRODUCTION,MANUFACTURING_PRODUCTION,C,생산·처리량·가동률 중심 도메인 모델이 필요
8,설치·정비·생산직,85,화학·환경 설치·정비·생산직,853,환경관련 장치 조작원,8532,재활용 처리장치·소각로 조작원,8820,재활용 처리 및 소각로 조작원,MANUFACTURING_PRODUCTION,MANUFACTURING_PRODUCTION,C,생산·처리량·가동률 중심 도메인 모델이 필요
8,설치·정비·생산직,86,섬유·의복 생산직,861,섬유 제조·가공 기계 조작원,8611,섬유 제조기계 조작원,8211,섬유 제조 기계 조작원,MANUFACTURING_PRODUCTION,MANUFACTURING_PRODUCTION,C,생산·가동률·주문 중심 Detector가 필요
8,설치·정비·생산직,86,섬유·의복 생산직,861,섬유 제조·가공 기계 조작원,8612,직조기·편직기 조작원,8221,직조기 및 편직기 조작원,MANUFACTURING_PRODUCTION,MANUFACTURING_PRODUCTION,C,생산·가동률·주문 중심 Detector가 필요
8,설치·정비·생산직,86,섬유·의복 생산직,861,섬유 제조·가공 기계 조작원,8613,표백·염색기 조작원,8212,표백 및 염색 관련 기계 조작원,MANUFACTURING_PRODUCTION,MANUFACTURING_PRODUCTION,C,생산·가동률·주문 중심 Detector가 필요
8,설치·정비·생산직,86,섬유·의복 생산직,862,"패턴사, 재단사 및 재봉사",8621,패턴사,7211,패턴사,MANUFACTURING_OR_CUSTOM_PRODUCTION,MANUFACTURING_PRODUCTION,C,"맞춤제작·수선은 서비스형, 대량생산은 생산형으로 추가 구분 필요"
8,설치·정비·생산직,86,섬유·의복 생산직,862,"패턴사, 재단사 및 재봉사",8622,재단사,7212,재단사,MANUFACTURING_OR_CUSTOM_PRODUCTION,MANUFACTURING_PRODUCTION,C,"맞춤제작·수선은 서비스형, 대량생산은 생산형으로 추가 구분 필요"
8,설치·정비·생산직,86,섬유·의복 생산직,862,"패턴사, 재단사 및 재봉사",8629,기타 섬유·가죽 기능원,7219,기타 섬유 및 가죽 관련 기능 종사원,MANUFACTURING_OR_CUSTOM_PRODUCTION,MANUFACTURING_PRODUCTION,C,"맞춤제작·수선은 서비스형, 대량생산은 생산형으로 추가 구분 필요"
8,설치·정비·생산직,86,섬유·의복 생산직,863,의복 제조원 및 수선원,8631,한복 제조원,7221,한복 제조원,MANUFACTURING_OR_CUSTOM_PRODUCTION,MANUFACTURING_PRODUCTION,C,"맞춤제작·수선은 서비스형, 대량생산은 생산형으로 추가 구분 필요"
8,설치·정비·생산직,86,섬유·의복 생산직,863,의복 제조원 및 수선원,8632,양장·양복 제조원,7222,양장 및 양복 제조원,MANUFACTURING_OR_CUSTOM_PRODUCTION,MANUFACTURING_PRODUCTION,C,"맞춤제작·수선은 서비스형, 대량생산은 생산형으로 추가 구분 필요"
8,설치·정비·생산직,86,섬유·의복 생산직,863,의복 제조원 및 수선원,8633,모피·가죽의복 제조원,7223,모피 및 가죽 의복 제조원,MANUFACTURING_OR_CUSTOM_PRODUCTION,MANUFACTURING_PRODUCTION,C,"맞춤제작·수선은 서비스형, 대량생산은 생산형으로 추가 구분 필요"
8,설치·정비·생산직,86,섬유·의복 생산직,863,의복 제조원 및 수선원,8634,의복·가죽·모피 수선원,7224,의복·가죽 및 모피 수선원,MANUFACTURING_OR_CUSTOM_PRODUCTION,MANUFACTURING_PRODUCTION,C,"맞춤제작·수선은 서비스형, 대량생산은 생산형으로 추가 구분 필요"
8,설치·정비·생산직,86,섬유·의복 생산직,863,의복 제조원 및 수선원,8639,기타 의복 제조원,7229,기타 의복 제조 관련 기능 종사원,MANUFACTURING_OR_CUSTOM_PRODUCTION,MANUFACTURING_PRODUCTION,C,"맞춤제작·수선은 서비스형, 대량생산은 생산형으로 추가 구분 필요"
8,설치·정비·생산직,86,섬유·의복 생산직,864,"제화원, 기타 섬유·의복 기계 조작원 및 조립원",8641,제화원,7214,제화원,MANUFACTURING_OR_CUSTOM_PRODUCTION,MANUFACTURING_PRODUCTION,C,"맞춤제작·수선은 서비스형, 대량생산은 생산형으로 추가 구분 필요"
8,설치·정비·생산직,86,섬유·의복 생산직,864,"제화원, 기타 섬유·의복 기계 조작원 및 조립원",8642,신발 제조기계 조작원 및 조립원,8222,신발 제조기 조작원 및 조립원,MANUFACTURING_PRODUCTION,MANUFACTURING_PRODUCTION,C,생산·가동률·주문 중심 Detector가 필요
8,설치·정비·생산직,86,섬유·의복 생산직,864,"제화원, 기타 섬유·의복 기계 조작원 및 조립원",8643,세탁 기계 조작원,8230,세탁 관련 기계 조작원,MANUFACTURING_PRODUCTION,MANUFACTURING_PRODUCTION,C,생산·가동률·주문 중심 Detector가 필요
8,설치·정비·생산직,86,섬유·의복 생산직,864,"제화원, 기타 섬유·의복 기계 조작원 및 조립원",8649,기타 직물·신발 기계 조작원 및 조립원,8229,기타 직물 및 신발관련 기계 조작원 및 조립원,MANUFACTURING_PRODUCTION,MANUFACTURING_PRODUCTION,C,생산·가동률·주문 중심 Detector가 필요
8,설치·정비·생산직,87,식품 가공·생산직,871,제과·제빵원 및 떡제조원,8711,제과·제빵원,7101,제빵사 및 제과원,FOOD_PRODUCTION_RETAIL,WALKIN_COMMERCE,B,생산량·상품판매·반복구매를 결합해 적용 가능
8,설치·정비·생산직,87,식품 가공·생산직,871,제과·제빵원 및 떡제조원,8712,떡 제조원,7102,떡 제조원,FOOD_PRODUCTION_RETAIL,WALKIN_COMMERCE,B,생산량·상품판매·반복구매를 결합해 적용 가능
8,설치·정비·생산직,87,식품 가공·생산직,872,식품 가공 기능원,8721,정육원 및 도축원,7103,정육가공원 및 도축원,FOOD_PRODUCTION_RETAIL,WALKIN_COMMERCE,B,생산량·상품판매·반복구매를 결합해 적용 가능
8,설치·정비·생산직,87,식품 가공·생산직,872,식품 가공 기능원,8722,김치·밑반찬 제조 종사원,7105,김치 및 밑반찬 제조 종사원,FOOD_PRODUCTION_RETAIL,WALKIN_COMMERCE,B,생산량·상품판매·반복구매를 결합해 적용 가능
8,설치·정비·생산직,87,식품 가공·생산직,872,식품 가공 기능원,8723,식품·담배 등급원,7104,식품 및 담배 등급원,MANUFACTURING_PRODUCTION,MANUFACTURING_PRODUCTION,C,생산설비·주문·재고 중심 Detector가 필요
8,설치·정비·생산직,87,식품 가공·생산직,872,식품 가공 기능원,8729,기타 식품 가공 종사원,7109,기타 식품가공 관련 종사원,FOOD_PRODUCTION_RETAIL,WALKIN_COMMERCE,B,생산량·상품판매·반복구매를 결합해 적용 가능
8,설치·정비·생산직,87,식품 가공·생산직,873,식품 가공 기계 조작원,8731,육류·어패류·낙농품 가공기계 조작원,8113,육류·어패류 및 낙농품 가공 기계 조작원,MANUFACTURING_PRODUCTION,MANUFACTURING_PRODUCTION,C,생산설비·주문·재고 중심 Detector가 필요
8,설치·정비·생산직,87,식품 가공·생산직,873,식품 가공 기계 조작원,8732,제분·도정 기계 조작원,8111,제분 및 도정 관련 기계 조작원,MANUFACTURING_PRODUCTION,MANUFACTURING_PRODUCTION,C,생산설비·주문·재고 중심 Detector가 필요
8,설치·정비·생산직,87,식품 가공·생산직,873,식품 가공 기계 조작원,8733,곡물 가공제품 기계 조작원,8112,곡물가공제품 기계 조작원,MANUFACTURING_PRODUCTION,MANUFACTURING_PRODUCTION,C,생산설비·주문·재고 중심 Detector가 필요
8,설치·정비·생산직,87,식품 가공·생산직,873,식품 가공 기계 조작원,8734,과실·채소 기계 조작원,8114,과실 및 채소 가공 관련 기계 조작원,MANUFACTURING_PRODUCTION,MANUFACTURING_PRODUCTION,C,생산설비·주문·재고 중심 Detector가 필요
8,설치·정비·생산직,87,식품 가공·생산직,873,식품 가공 기계 조작원,8735,음료 제조기계 조작원,8120,음료제조관련기계조작원,MANUFACTURING_PRODUCTION,MANUFACTURING_PRODUCTION,C,생산설비·주문·재고 중심 Detector가 필요
8,설치·정비·생산직,87,식품 가공·생산직,873,식품 가공 기계 조작원,8739,기타 식품 가공 기계 조작원,8190,기타 식품가공 관련 기계 조작원,MANUFACTURING_PRODUCTION,MANUFACTURING_PRODUCTION,C,생산설비·주문·재고 중심 Detector가 필요
8,설치·정비·생산직,88,인쇄·목재·공예 및 기타 설치·정비·생산직,881,인쇄기계·사진현상기 조작원,8811,인쇄기계 조작원,8921,인쇄기 조작원,MANUFACTURING_PRODUCTION,MANUFACTURING_PRODUCTION,C,생산·주문·가동률 중심 Detector가 필요
8,설치·정비·생산직,88,인쇄·목재·공예 및 기타 설치·정비·생산직,881,인쇄기계·사진현상기 조작원,8812,사진 인화·현상기 조작원(사진수정 포함),8922,사진 인화 및 현상기 조작원,MANUFACTURING_PRODUCTION,MANUFACTURING_PRODUCTION,C,생산·주문·가동률 중심 Detector가 필요
8,설치·정비·생산직,88,인쇄·목재·공예 및 기타 설치·정비·생산직,882,목재·펄프·종이 생산기계 조작원,8821,목재 가공기계 조작원,8911,목재가공 관련 기계 조작원,MANUFACTURING_PRODUCTION,MANUFACTURING_PRODUCTION,C,생산·주문·가동률 중심 Detector가 필요
8,설치·정비·생산직,88,인쇄·목재·공예 및 기타 설치·정비·생산직,882,목재·펄프·종이 생산기계 조작원,8822,펄프·종이 제조장치 조작원,8913,펄프 및 종이 제조 장치 조작원,MANUFACTURING_PRODUCTION,MANUFACTURING_PRODUCTION,C,생산·주문·가동률 중심 Detector가 필요
8,설치·정비·생산직,88,인쇄·목재·공예 및 기타 설치·정비·생산직,882,목재·펄프·종이 생산기계 조작원,8823,종이제품 생산기계 조작원,8914,종이제품 생산기 조작원,MANUFACTURING_PRODUCTION,MANUFACTURING_PRODUCTION,C,생산·주문·가동률 중심 Detector가 필요
8,설치·정비·생산직,88,인쇄·목재·공예 및 기타 설치·정비·생산직,882,목재·펄프·종이 생산기계 조작원,8829,기타 목재·종이 기계 조작원,8919,기타 목재 및 종이 관련 기계 조작원,MANUFACTURING_PRODUCTION,MANUFACTURING_PRODUCTION,C,생산·주문·가동률 중심 Detector가 필요
8,설치·정비·생산직,88,인쇄·목재·공예 및 기타 설치·정비·생산직,883,가구·목제품 제조·수리원,8831,가구 제조·수리원,7302,가구 제조 및 수리원,CUSTOM_PRODUCTION_PROJECT,PROJECT_SERVICE,B,주문제작·수리·견적·반복구매 구조로 적용 가능
8,설치·정비·생산직,88,인쇄·목재·공예 및 기타 설치·정비·생산직,883,가구·목제품 제조·수리원,8832,가구 조립원,8912,가구 조립원,MANUFACTURING_PRODUCTION,MANUFACTURING_PRODUCTION,C,생산·주문·가동률 중심 Detector가 필요
8,설치·정비·생산직,88,인쇄·목재·공예 및 기타 설치·정비·생산직,883,가구·목제품 제조·수리원,8833,목제품 제조원,7301,목제품 제조 관련 종사원,CUSTOM_PRODUCTION_PROJECT,PROJECT_SERVICE,B,주문제작·수리·견적·반복구매 구조로 적용 가능
8,설치·정비·생산직,88,인쇄·목재·공예 및 기타 설치·정비·생산직,884,공예원 및 귀금속세공원,8841,공예원,7911,공예원,CUSTOM_PRODUCTION_PROJECT,PROJECT_SERVICE,B,주문제작·수리·견적·반복구매 구조로 적용 가능
8,설치·정비·생산직,88,인쇄·목재·공예 및 기타 설치·정비·생산직,884,공예원 및 귀금속세공원,8842,귀금속·보석 세공원,7912,귀금속 및 보석 세공원,CUSTOM_PRODUCTION_PROJECT,PROJECT_SERVICE,B,주문제작·수리·견적·반복구매 구조로 적용 가능
8,설치·정비·생산직,88,인쇄·목재·공예 및 기타 설치·정비·생산직,885,악기·간판 및 기타 제조 종사자,8851,악기 제조원 및 조율사,7303,악기 제조 및 조율사,CUSTOM_PRODUCTION_PROJECT,PROJECT_SERVICE,B,주문제작·수리·견적·반복구매 구조로 적용 가능
8,설치·정비·생산직,88,인쇄·목재·공예 및 기타 설치·정비·생산직,885,악기·간판 및 기타 제조 종사자,8852,간판 제작·설치원,7304,간판 제작 및 설치원,CUSTOM_PRODUCTION_PROJECT,PROJECT_SERVICE,B,주문제작·수리·견적·반복구매 구조로 적용 가능
8,설치·정비·생산직,88,인쇄·목재·공예 및 기타 설치·정비·생산직,885,악기·간판 및 기타 제조 종사자,8853,"유리기능, 복사, 수제 제본 등 기타 기능 종사원",7999,기타 기능 관련 종사원,CUSTOM_PRODUCTION_PROJECT,PROJECT_SERVICE,B,주문제작·수리·견적·반복구매 구조로 적용 가능
8,설치·정비·생산직,88,인쇄·목재·공예 및 기타 설치·정비·생산직,885,악기·간판 및 기타 제조 종사자,8859,주입·포장·상표부착기 및 기타 기계 조작원,8990,기타 기계 조작원,MANUFACTURING_PRODUCTION,MANUFACTURING_PRODUCTION,C,생산·주문·가동률 중심 Detector가 필요
8,설치·정비·생산직,89,제조 단순직,890,제조 단순 종사자,8900,제조 단순 종사원,9300,제조 관련 단순 종사원,EMPLOYMENT_SUPPORT_ROLE,EMPLOYMENT_SUPPORT,D,단순 생산 직무 자체는 사업체 업종으로 직접 매핑하기 어려움
9,농림어업직,90,농림어업직,901,작물재배 종사자,9011,곡식작물 재배원,6111,곡식작물 재배원,AGRI_PRIMARY_PRODUCTION,AGRI_PRIMARY,C,생산·출하·시세·계절성 중심 별도 Opportunity Detector가 필요
9,농림어업직,90,농림어업직,901,작물재배 종사자,9012,채소·특용작물 재배원,6112,채소 및 특용작물 재배원,AGRI_PRIMARY_PRODUCTION,AGRI_PRIMARY,C,생산·출하·시세·계절성 중심 별도 Opportunity Detector가 필요
9,농림어업직,90,농림어업직,901,작물재배 종사자,9013,과수작물 재배원,6113,과수작물 재배원,AGRI_PRIMARY_PRODUCTION,AGRI_PRIMARY,C,생산·출하·시세·계절성 중심 별도 Opportunity Detector가 필요
9,농림어업직,90,농림어업직,901,작물재배 종사자,9014,원예작물 재배원,6121,원예작물 재배원,AGRI_PRIMARY_PRODUCTION,AGRI_PRIMARY,C,생산·출하·시세·계절성 중심 별도 Opportunity Detector가 필요
9,농림어업직,90,농림어업직,901,작물재배 종사자,9015,조경원,6122,조경원,AGRI_PRIMARY_PRODUCTION,AGRI_PRIMARY,C,생산·출하·시세·계절성 중심 별도 Opportunity Detector가 필요
9,농림어업직,90,농림어업직,902,낙농·사육 종사자,9021,낙농 종사원,6131,낙농업 관련 종사원,AGRI_PRIMARY_PRODUCTION,AGRI_PRIMARY,C,생산·출하·시세·계절성 중심 별도 Opportunity Detector가 필요
9,농림어업직,90,농림어업직,902,낙농·사육 종사자,9022,가축 사육 종사원,6132,가축 사육 종사원,AGRI_PRIMARY_PRODUCTION,AGRI_PRIMARY,C,생산·출하·시세·계절성 중심 별도 Opportunity Detector가 필요
9,농림어업직,90,농림어업직,902,낙농·사육 종사자,9029,기타 사육 종사원,6139,기타 사육 관련 종사원,AGRI_PRIMARY_PRODUCTION,AGRI_PRIMARY,C,생산·출하·시세·계절성 중심 별도 Opportunity Detector가 필요
9,농림어업직,90,농림어업직,903,임업 종사자,9031,조림·산림경영인 및 벌목원,6201,조림·산림경영인 및 벌목원,AGRI_PRIMARY_PRODUCTION,AGRI_PRIMARY,C,생산·출하·시세·계절성 중심 별도 Opportunity Detector가 필요
9,농림어업직,90,농림어업직,903,임업 종사자,9039,임산물 채취 및 기타 임업 종사원,6209,임산물 채취 및 기타 임업 관련 종사원,AGRI_PRIMARY_PRODUCTION,AGRI_PRIMARY,C,생산·출하·시세·계절성 중심 별도 Opportunity Detector가 필요
9,농림어업직,90,농림어업직,904,어업 종사자,9041,양식원,6301,양식원,AGRI_PRIMARY_PRODUCTION,AGRI_PRIMARY,C,생산·출하·시세·계절성 중심 별도 Opportunity Detector가 필요
9,농림어업직,90,농림어업직,904,어업 종사자,9042,어부 및 해녀,6302,어부 및 해녀,AGRI_PRIMARY_PRODUCTION,AGRI_PRIMARY,C,생산·출하·시세·계절성 중심 별도 Opportunity Detector가 필요
9,농림어업직,90,농림어업직,905,농림어업 단순 종사자,9050,농림어업 단순 종사원,9910,농림·어업 관련 단순 종사원,EMPLOYMENT_SUPPORT_ROLE,EMPLOYMENT_SUPPORT,D,단순 종사 직무 자체는 사업 업종으로 직접 매핑하기 어려움
